video_id,gt_labels
test01.mp4,0
test01.mp4,0
test01.mp4,0
test01.mp4,0
test01.mp4,0
test01.mp4,0
test01.mp4,0
test01.mp4,0
test01.mp4,0
test01.mp4,0
test01.mp4,0
test01.mp4,0
test01.mp4,0
test01.mp4,0
test01.mp4,0
test01.mp4,0
test01.mp4,0
test01.mp4,0
test01.mp4,0
test01.mp4,0
test01.mp4,0
test01.mp4,0
test01.mp4,0
test01.mp4,0
test01.mp4,3
test01.mp4,3
test01.mp4,3
test01.mp4,3
test01.mp4,3
test01.mp4,3
test01.mp4,3
test01.mp4,3
test01.mp4,3
test01.mp4,3
test01.mp4,3
test01.mp4,3
test01.mp4,3
test01.mp4,3
test01.mp4,3
test01.mp4,3
test01.mp4,3
test01.mp4,3
test01.mp4,3
test01.mp4,3
test01.mp4,3
test01.mp4,3
test01.mp4,3
test01.mp4,0
test01.mp4,0
test01.mp4,4
test01.mp4,4
test01.mp4,4
test01.mp4,4
test01.mp4,0
test01.mp4,0
test01.mp4,0
test01.mp4,0
test01.mp4,5
test01.mp4,5
test01.mp4,5
test01.mp4,5
test01.mp4,5
test01.mp4,5
test01.mp4,5
test01.mp4,5
test01.mp4,5
test01.mp4,5
test01.mp4,5
test01.mp4,5
test01.mp4,5
test01.mp4,5
test01.mp4,5
test01.mp4,5
test01.mp4,5
test01.mp4,5
test01.mp4,5
test01.mp4,5
test01.mp4,5
test01.mp4,5
test01.mp4,5
test01.mp4,5
test01.mp4,5
test01.mp4,5
test01.mp4,5
test01.mp4,5
test01.mp4,5
test01.mp4,5
test01.mp4,5
test01.mp4,5
test01.mp4,5
test01.mp4,5
test01.mp4,5
test01.mp4,5
test01.mp4,5
test01.mp4,5
test01.mp4,5
test01.mp4,5
test01.mp4,5
test01.mp4,5
test01.mp4,5
test01.mp4,0
test01.mp4,0
test01.mp4,6
test01.mp4,6
test01.mp4,6
test01.mp4,6
test01.mp4,6
test01.mp4,6
test01.mp4,6
test01.mp4,6
test01.mp4,6
test01.mp4,6
test01.mp4,6
test01.mp4,6
test01.mp4,6
test01.mp4,6
test01.mp4,6
test01.mp4,6
test01.mp4,6
test01.mp4,0
test01.mp4,0
test01.mp4,7
test01.mp4,7
test01.mp4,7
test01.mp4,7
test01.mp4,7
test01.mp4,7
test01.mp4,7
test01.mp4,7
test01.mp4,7
test01.mp4,7
test01.mp4,7
test01.mp4,7
test01.mp4,7
test01.mp4,7
test01.mp4,7
test01.mp4,7
test01.mp4,7
test01.mp4,7
test01.mp4,7
test01.mp4,7
test01.mp4,7
test01.mp4,7
test01.mp4,7
test01.mp4,7
test01.mp4,7
test01.mp4,7
test01.mp4,7
test01.mp4,7
test01.mp4,7
test01.mp4,7
test01.mp4,7
test01.mp4,7
test01.mp4,7
test01.mp4,7
test01.mp4,7
test01.mp4,7
test01.mp4,7
test01.mp4,7
test01.mp4,7
test01.mp4,7
test01.mp4,7
test01.mp4,7
test01.mp4,7
test01.mp4,7
test01.mp4,7
test01.mp4,7
test01.mp4,7
test01.mp4,7
test01.mp4,7
test01.mp4,7
test01.mp4,8
test01.mp4,8
test01.mp4,8
test01.mp4,8
test01.mp4,8
test01.mp4,8
test01.mp4,8
test01.mp4,8
test01.mp4,8
test01.mp4,8
test01.mp4,8
test01.mp4,8
test01.mp4,8
test01.mp4,8
test01.mp4,8
test01.mp4,8
test01.mp4,8
test01.mp4,8
test01.mp4,8
test01.mp4,8
test01.mp4,8
test01.mp4,8
test01.mp4,8
test01.mp4,8
test01.mp4,8
test01.mp4,8
test01.mp4,8
test01.mp4,8
test01.mp4,8
test01.mp4,8
test01.mp4,8
test01.mp4,8
test01.mp4,8
test01.mp4,8
test01.mp4,8
test01.mp4,8
test01.mp4,8
test01.mp4,8
test01.mp4,8
test01.mp4,8
test01.mp4,8
test01.mp4,8
test01.mp4,8
test01.mp4,8
test01.mp4,8
test01.mp4,8
test01.mp4,8
test01.mp4,8
test01.mp4,8
test01.mp4,0
test01.mp4,0
test01.mp4,0
test01.mp4,0
test01.mp4,0
test01.mp4,0
test01.mp4,0
test01.mp4,0
test01.mp4,0
test01.mp4,0
test01.mp4,0
test01.mp4,0
test01.mp4,0
test01.mp4,0
test01.mp4,0
test01.mp4,0
test01.mp4,0
test01.mp4,0
test01.mp4,0
test01.mp4,0
test01.mp4,0
test01.mp4,0
test01.mp4,0
test01.mp4,0
test01.mp4,0
test01.mp4,0
test01.mp4,10
test01.mp4,10
test01.mp4,10
test01.mp4,10
test01.mp4,10
test01.mp4,10
test01.mp4,10
test01.mp4,10
test01.mp4,10
test01.mp4,10
test01.mp4,10
test01.mp4,10
test01.mp4,10
test01.mp4,10
test01.mp4,10
test01.mp4,10
test01.mp4,10
test01.mp4,10
test01.mp4,10
test01.mp4,10
test01.mp4,10
test01.mp4,10
test01.mp4,10
test01.mp4,10
test01.mp4,10
test01.mp4,10
test01.mp4,10
test01.mp4,10
test01.mp4,10
test01.mp4,10
test01.mp4,10
test01.mp4,10
test01.mp4,10
test01.mp4,10
test01.mp4,10
test01.mp4,10
test01.mp4,10
test01.mp4,10
test01.mp4,10
test01.mp4,10
test01.mp4,10
test01.mp4,10
test01.mp4,10
test01.mp4,10
test01.mp4,10
test01.mp4,10
test01.mp4,10
test01.mp4,10
test01.mp4,10
test01.mp4,10
test01.mp4,10
test01.mp4,10
test01.mp4,10
test01.mp4,10
test01.mp4,10
test01.mp4,10
test01.mp4,10
test01.mp4,10
test01.mp4,10
test01.mp4,10
test01.mp4,10
test01.mp4,10
test01.mp4,10
test01.mp4,10
test01.mp4,10
test01.mp4,10
test01.mp4,10
test01.mp4,10
test01.mp4,10
test01.mp4,10
test01.mp4,10
test01.mp4,10
test01.mp4,10
test01.mp4,10
test01.mp4,10
test01.mp4,10
test01.mp4,10
test01.mp4,10
test01.mp4,10
test01.mp4,10
test01.mp4,10
test01.mp4,10
test01.mp4,10
test01.mp4,10
test01.mp4,10
test01.mp4,10
test01.mp4,10
test01.mp4,10
test01.mp4,10
test01.mp4,10
test01.mp4,10
test01.mp4,10
test01.mp4,10
test01.mp4,10
test01.mp4,10
test01.mp4,10
test01.mp4,10
test01.mp4,10
test01.mp4,10
test01.mp4,10
test01.mp4,10
test01.mp4,10
test01.mp4,10
test01.mp4,10
test01.mp4,10
test01.mp4,10
test01.mp4,10
test01.mp4,10
test01.mp4,10
test01.mp4,10
test01.mp4,10
test01.mp4,10
test01.mp4,10
test01.mp4,10
test01.mp4,10
test01.mp4,10
test01.mp4,10
test01.mp4,10
test01.mp4,10
test01.mp4,10
test01.mp4,10
test01.mp4,10
test01.mp4,10
test01.mp4,10
test01.mp4,10
test01.mp4,10
test01.mp4,10
test01.mp4,10
test01.mp4,10
test01.mp4,10
test01.mp4,10
test01.mp4,10
test01.mp4,10
test01.mp4,10
test01.mp4,10
test01.mp4,10
test01.mp4,10
test01.mp4,0
test01.mp4,0
test01.mp4,0
test01.mp4,0
test01.mp4,4
test01.mp4,4
test01.mp4,4
test01.mp4,4
test01.mp4,4
test01.mp4,4
test01.mp4,4
test01.mp4,0
test01.mp4,0
test01.mp4,0
test01.mp4,0
test01.mp4,0
test01.mp4,0
test01.mp4,0
test01.mp4,0
test01.mp4,1
test01.mp4,1
test01.mp4,1
test01.mp4,1
test01.mp4,1
test01.mp4,1
test01.mp4,1
test01.mp4,1
test01.mp4,1
test01.mp4,1
test01.mp4,1
test01.mp4,1
test01.mp4,1
test01.mp4,1
test01.mp4,1
test01.mp4,1
test01.mp4,1
test01.mp4,1
test01.mp4,1
test01.mp4,1
test01.mp4,1
test01.mp4,1
test01.mp4,1
test01.mp4,1
test01.mp4,1
test01.mp4,1
test01.mp4,1
test01.mp4,1
test01.mp4,1
test01.mp4,1
test01.mp4,1
test01.mp4,0
test01.mp4,0
test01.mp4,0
test01.mp4,0
test01.mp4,0
test01.mp4,0
test01.mp4,0
test01.mp4,0
test01.mp4,0
test01.mp4,0
test01.mp4,0
test01.mp4,0
test01.mp4,0
test01.mp4,0
test01.mp4,0
test01.mp4,0
test01.mp4,0
test01.mp4,0
test01.mp4,0
test01.mp4,0
test01.mp4,0
test01.mp4,0
test01.mp4,11
test01.mp4,11
test01.mp4,11
test01.mp4,11
test01.mp4,11
test01.mp4,11
test01.mp4,11
test01.mp4,11
test01.mp4,11
test01.mp4,11
test01.mp4,11
test01.mp4,11
test01.mp4,11
test01.mp4,11
test01.mp4,11
test01.mp4,11
test01.mp4,11
test01.mp4,11
test01.mp4,11
test01.mp4,11
test01.mp4,11
test01.mp4,11
test01.mp4,11
test01.mp4,11
test01.mp4,11
test01.mp4,11
test01.mp4,11
test01.mp4,11
test01.mp4,11
test01.mp4,11
test01.mp4,11
test01.mp4,11
test01.mp4,11
test01.mp4,11
test01.mp4,11
test01.mp4,11
test01.mp4,11
test01.mp4,0
test01.mp4,0
test01.mp4,0
test01.mp4,0
test01.mp4,0
test01.mp4,0
test01.mp4,0
test01.mp4,0
test01.mp4,0
test01.mp4,0
test01.mp4,0
test01.mp4,0
test01.mp4,0
test01.mp4,0
test01.mp4,4
test01.mp4,4
test01.mp4,4
test01.mp4,4
test01.mp4,13
test01.mp4,13
test01.mp4,13
test01.mp4,13
test01.mp4,13
test01.mp4,13
test01.mp4,13
test01.mp4,13
test01.mp4,13
test01.mp4,13
test01.mp4,13
test01.mp4,13
test01.mp4,13
test01.mp4,13
test01.mp4,13
test01.mp4,13
test01.mp4,0
test01.mp4,14
test01.mp4,14
test01.mp4,14
test01.mp4,14
test01.mp4,14
test01.mp4,14
test01.mp4,14
test01.mp4,14
test01.mp4,14
test01.mp4,14
test01.mp4,14
test01.mp4,14
test01.mp4,14
test01.mp4,14
test01.mp4,0
test01.mp4,0
test01.mp4,15
test01.mp4,15
test01.mp4,15
test01.mp4,15
test01.mp4,15
test01.mp4,15
test01.mp4,15
test01.mp4,15
test01.mp4,15
test01.mp4,15
test01.mp4,15
test01.mp4,15
test01.mp4,15
test01.mp4,15
test01.mp4,15
test01.mp4,15
test01.mp4,15
test01.mp4,15
test01.mp4,15
test01.mp4,15
test01.mp4,15
test01.mp4,15
test01.mp4,15
test01.mp4,15
test01.mp4,15
test01.mp4,15
test01.mp4,15
test01.mp4,15
test01.mp4,15
test01.mp4,15
test01.mp4,15
test01.mp4,15
test01.mp4,15
test01.mp4,15
test01.mp4,15
test01.mp4,15
test01.mp4,15
test01.mp4,15
test01.mp4,15
test01.mp4,15
test01.mp4,15
test01.mp4,15
test01.mp4,15
test01.mp4,15
test01.mp4,15
test01.mp4,15
test01.mp4,15
test01.mp4,15
test01.mp4,15
test01.mp4,15
test01.mp4,15
test01.mp4,15
test01.mp4,15
test01.mp4,15
test01.mp4,15
test01.mp4,15
test01.mp4,15
test01.mp4,15
test01.mp4,15
test01.mp4,15
test01.mp4,15
test01.mp4,15
test01.mp4,15
test01.mp4,15
test01.mp4,15
test01.mp4,15
test01.mp4,15
test01.mp4,15
test01.mp4,15
test01.mp4,15
test01.mp4,15
test01.mp4,15
test01.mp4,15
test01.mp4,15
test01.mp4,15
test01.mp4,15
test01.mp4,15
test01.mp4,15
test01.mp4,15
test01.mp4,15
test01.mp4,15
test01.mp4,15
test01.mp4,15
test01.mp4,15
test01.mp4,15
test01.mp4,15
test01.mp4,15
test01.mp4,15
test01.mp4,15
test01.mp4,15
test01.mp4,15
test01.mp4,15
test01.mp4,15
test01.mp4,0
test01.mp4,0
test01.mp4,0
test01.mp4,0
test01.mp4,18
test01.mp4,18
test01.mp4,18
test01.mp4,18
test01.mp4,18
test01.mp4,18
test01.mp4,18
test01.mp4,18
test01.mp4,18
test01.mp4,18
test01.mp4,18
test01.mp4,18
test01.mp4,18
test01.mp4,18
test01.mp4,18
test01.mp4,18
test01.mp4,18
test01.mp4,18
test01.mp4,18
test01.mp4,18
test01.mp4,18
test01.mp4,18
test01.mp4,18
test01.mp4,18
test01.mp4,18
test01.mp4,18
test01.mp4,18
test01.mp4,18
test01.mp4,18
test01.mp4,18
test01.mp4,18
test01.mp4,18
test01.mp4,18
test01.mp4,18
test01.mp4,18
test01.mp4,18
test01.mp4,18
test01.mp4,18
test01.mp4,18
test01.mp4,18
test01.mp4,18
test01.mp4,18
test01.mp4,18
test01.mp4,18
test01.mp4,18
test01.mp4,18
test01.mp4,18
test01.mp4,18
test01.mp4,18
test01.mp4,18
test01.mp4,18
test01.mp4,18
test01.mp4,18
test01.mp4,18
test01.mp4,18
test01.mp4,18
test01.mp4,18
test01.mp4,18
test01.mp4,18
test01.mp4,18
test01.mp4,18
test01.mp4,18
test01.mp4,18
test01.mp4,18
test01.mp4,18
test01.mp4,18
test01.mp4,18
test01.mp4,18
test01.mp4,18
test01.mp4,18
test01.mp4,18
test01.mp4,18
test01.mp4,18
test01.mp4,18
test01.mp4,18
test01.mp4,18
test01.mp4,18
test01.mp4,18
test01.mp4,18
test01.mp4,18
test01.mp4,18
test01.mp4,18
test01.mp4,18
test01.mp4,18
test01.mp4,18
test01.mp4,18
test01.mp4,18
test01.mp4,18
test01.mp4,18
test01.mp4,18
test01.mp4,18
test01.mp4,18
test01.mp4,18
test01.mp4,18
test01.mp4,18
test01.mp4,18
test01.mp4,18
test01.mp4,18
test01.mp4,18
test01.mp4,18
test01.mp4,18
test01.mp4,18
test01.mp4,18
test01.mp4,18
test01.mp4,18
test01.mp4,18
test01.mp4,18
test01.mp4,0
test01.mp4,0
test01.mp4,0
test01.mp4,0
test01.mp4,0
test01.mp4,0
test01.mp4,0
test02.mp4,0
test02.mp4,0
test02.mp4,0
test02.mp4,0
test02.mp4,3
test02.mp4,3
test02.mp4,3
test02.mp4,3
test02.mp4,3
test02.mp4,3
test02.mp4,3
test02.mp4,3
test02.mp4,3
test02.mp4,3
test02.mp4,3
test02.mp4,3
test02.mp4,3
test02.mp4,3
test02.mp4,3
test02.mp4,3
test02.mp4,3
test02.mp4,3
test02.mp4,3
test02.mp4,3
test02.mp4,3
test02.mp4,3
test02.mp4,3
test02.mp4,3
test02.mp4,3
test02.mp4,3
test02.mp4,3
test02.mp4,3
test02.mp4,3
test02.mp4,3
test02.mp4,3
test02.mp4,3
test02.mp4,3
test02.mp4,3
test02.mp4,3
test02.mp4,3
test02.mp4,3
test02.mp4,3
test02.mp4,3
test02.mp4,3
test02.mp4,3
test02.mp4,3
test02.mp4,3
test02.mp4,3
test02.mp4,3
test02.mp4,3
test02.mp4,3
test02.mp4,3
test02.mp4,3
test02.mp4,3
test02.mp4,3
test02.mp4,3
test02.mp4,3
test02.mp4,3
test02.mp4,3
test02.mp4,3
test02.mp4,0
test02.mp4,0
test02.mp4,4
test02.mp4,4
test02.mp4,4
test02.mp4,4
test02.mp4,4
test02.mp4,4
test02.mp4,4
test02.mp4,4
test02.mp4,4
test02.mp4,0
test02.mp4,0
test02.mp4,0
test02.mp4,0
test02.mp4,0
test02.mp4,0
test02.mp4,0
test02.mp4,0
test02.mp4,5
test02.mp4,5
test02.mp4,5
test02.mp4,5
test02.mp4,5
test02.mp4,5
test02.mp4,5
test02.mp4,5
test02.mp4,5
test02.mp4,5
test02.mp4,5
test02.mp4,5
test02.mp4,5
test02.mp4,5
test02.mp4,5
test02.mp4,5
test02.mp4,5
test02.mp4,5
test02.mp4,5
test02.mp4,5
test02.mp4,5
test02.mp4,5
test02.mp4,5
test02.mp4,5
test02.mp4,5
test02.mp4,5
test02.mp4,5
test02.mp4,5
test02.mp4,5
test02.mp4,5
test02.mp4,5
test02.mp4,5
test02.mp4,5
test02.mp4,5
test02.mp4,5
test02.mp4,5
test02.mp4,5
test02.mp4,5
test02.mp4,5
test02.mp4,5
test02.mp4,5
test02.mp4,5
test02.mp4,5
test02.mp4,5
test02.mp4,5
test02.mp4,5
test02.mp4,5
test02.mp4,5
test02.mp4,5
test02.mp4,5
test02.mp4,5
test02.mp4,5
test02.mp4,5
test02.mp4,5
test02.mp4,5
test02.mp4,5
test02.mp4,5
test02.mp4,5
test02.mp4,5
test02.mp4,5
test02.mp4,5
test02.mp4,5
test02.mp4,5
test02.mp4,5
test02.mp4,5
test02.mp4,5
test02.mp4,5
test02.mp4,0
test02.mp4,0
test02.mp4,0
test02.mp4,0
test02.mp4,0
test02.mp4,0
test02.mp4,0
test02.mp4,0
test02.mp4,0
test02.mp4,0
test02.mp4,0
test02.mp4,0
test02.mp4,0
test02.mp4,0
test02.mp4,6
test02.mp4,6
test02.mp4,6
test02.mp4,6
test02.mp4,6
test02.mp4,6
test02.mp4,6
test02.mp4,6
test02.mp4,6
test02.mp4,6
test02.mp4,6
test02.mp4,6
test02.mp4,6
test02.mp4,6
test02.mp4,6
test02.mp4,6
test02.mp4,6
test02.mp4,6
test02.mp4,6
test02.mp4,6
test02.mp4,6
test02.mp4,6
test02.mp4,6
test02.mp4,6
test02.mp4,6
test02.mp4,6
test02.mp4,6
test02.mp4,6
test02.mp4,6
test02.mp4,6
test02.mp4,6
test02.mp4,6
test02.mp4,6
test02.mp4,6
test02.mp4,6
test02.mp4,6
test02.mp4,6
test02.mp4,6
test02.mp4,6
test02.mp4,6
test02.mp4,6
test02.mp4,6
test02.mp4,6
test02.mp4,6
test02.mp4,6
test02.mp4,6
test02.mp4,6
test02.mp4,6
test02.mp4,6
test02.mp4,6
test02.mp4,0
test02.mp4,0
test02.mp4,0
test02.mp4,0
test02.mp4,0
test02.mp4,0
test02.mp4,0
test02.mp4,0
test02.mp4,0
test02.mp4,7
test02.mp4,7
test02.mp4,7
test02.mp4,7
test02.mp4,7
test02.mp4,7
test02.mp4,7
test02.mp4,7
test02.mp4,7
test02.mp4,7
test02.mp4,7
test02.mp4,7
test02.mp4,7
test02.mp4,7
test02.mp4,7
test02.mp4,7
test02.mp4,7
test02.mp4,7
test02.mp4,7
test02.mp4,7
test02.mp4,7
test02.mp4,7
test02.mp4,7
test02.mp4,7
test02.mp4,7
test02.mp4,7
test02.mp4,7
test02.mp4,7
test02.mp4,7
test02.mp4,7
test02.mp4,7
test02.mp4,7
test02.mp4,7
test02.mp4,7
test02.mp4,7
test02.mp4,7
test02.mp4,7
test02.mp4,7
test02.mp4,7
test02.mp4,7
test02.mp4,7
test02.mp4,7
test02.mp4,7
test02.mp4,7
test02.mp4,7
test02.mp4,7
test02.mp4,7
test02.mp4,7
test02.mp4,7
test02.mp4,7
test02.mp4,7
test02.mp4,7
test02.mp4,7
test02.mp4,7
test02.mp4,7
test02.mp4,7
test02.mp4,7
test02.mp4,7
test02.mp4,7
test02.mp4,7
test02.mp4,7
test02.mp4,7
test02.mp4,7
test02.mp4,7
test02.mp4,7
test02.mp4,7
test02.mp4,7
test02.mp4,7
test02.mp4,7
test02.mp4,7
test02.mp4,7
test02.mp4,7
test02.mp4,7
test02.mp4,7
test02.mp4,7
test02.mp4,7
test02.mp4,7
test02.mp4,7
test02.mp4,7
test02.mp4,7
test02.mp4,7
test02.mp4,7
test02.mp4,7
test02.mp4,7
test02.mp4,7
test02.mp4,7
test02.mp4,7
test02.mp4,7
test02.mp4,7
test02.mp4,7
test02.mp4,7
test02.mp4,7
test02.mp4,7
test02.mp4,7
test02.mp4,7
test02.mp4,7
test02.mp4,7
test02.mp4,7
test02.mp4,7
test02.mp4,7
test02.mp4,7
test02.mp4,7
test02.mp4,7
test02.mp4,7
test02.mp4,7
test02.mp4,7
test02.mp4,7
test02.mp4,7
test02.mp4,7
test02.mp4,7
test02.mp4,7
test02.mp4,7
test02.mp4,7
test02.mp4,7
test02.mp4,7
test02.mp4,7
test02.mp4,7
test02.mp4,7
test02.mp4,7
test02.mp4,7
test02.mp4,7
test02.mp4,7
test02.mp4,7
test02.mp4,7
test02.mp4,7
test02.mp4,7
test02.mp4,7
test02.mp4,7
test02.mp4,7
test02.mp4,7
test02.mp4,7
test02.mp4,7
test02.mp4,7
test02.mp4,7
test02.mp4,7
test02.mp4,7
test02.mp4,7
test02.mp4,7
test02.mp4,7
test02.mp4,7
test02.mp4,7
test02.mp4,7
test02.mp4,7
test02.mp4,7
test02.mp4,7
test02.mp4,7
test02.mp4,7
test02.mp4,7
test02.mp4,7
test02.mp4,7
test02.mp4,7
test02.mp4,7
test02.mp4,7
test02.mp4,7
test02.mp4,7
test02.mp4,7
test02.mp4,7
test02.mp4,7
test02.mp4,7
test02.mp4,7
test02.mp4,7
test02.mp4,7
test02.mp4,7
test02.mp4,7
test02.mp4,7
test02.mp4,7
test02.mp4,7
test02.mp4,7
test02.mp4,7
test02.mp4,7
test02.mp4,7
test02.mp4,7
test02.mp4,7
test02.mp4,7
test02.mp4,7
test02.mp4,7
test02.mp4,7
test02.mp4,7
test02.mp4,7
test02.mp4,7
test02.mp4,7
test02.mp4,7
test02.mp4,7
test02.mp4,7
test02.mp4,7
test02.mp4,7
test02.mp4,7
test02.mp4,7
test02.mp4,7
test02.mp4,7
test02.mp4,7
test02.mp4,7
test02.mp4,7
test02.mp4,7
test02.mp4,7
test02.mp4,7
test02.mp4,7
test02.mp4,7
test02.mp4,7
test02.mp4,7
test02.mp4,7
test02.mp4,7
test02.mp4,7
test02.mp4,7
test02.mp4,7
test02.mp4,7
test02.mp4,7
test02.mp4,7
test02.mp4,7
test02.mp4,7
test02.mp4,7
test02.mp4,7
test02.mp4,7
test02.mp4,7
test02.mp4,7
test02.mp4,7
test02.mp4,7
test02.mp4,7
test02.mp4,7
test02.mp4,7
test02.mp4,7
test02.mp4,7
test02.mp4,7
test02.mp4,7
test02.mp4,7
test02.mp4,7
test02.mp4,7
test02.mp4,7
test02.mp4,7
test02.mp4,7
test02.mp4,7
test02.mp4,7
test02.mp4,7
test02.mp4,7
test02.mp4,7
test02.mp4,7
test02.mp4,7
test02.mp4,7
test02.mp4,7
test02.mp4,7
test02.mp4,7
test02.mp4,7
test02.mp4,7
test02.mp4,7
test02.mp4,7
test02.mp4,7
test02.mp4,7
test02.mp4,7
test02.mp4,7
test02.mp4,7
test02.mp4,7
test02.mp4,7
test02.mp4,7
test02.mp4,7
test02.mp4,7
test02.mp4,7
test02.mp4,7
test02.mp4,7
test02.mp4,7
test02.mp4,7
test02.mp4,7
test02.mp4,7
test02.mp4,7
test02.mp4,7
test02.mp4,7
test02.mp4,7
test02.mp4,7
test02.mp4,0
test02.mp4,8
test02.mp4,8
test02.mp4,8
test02.mp4,8
test02.mp4,8
test02.mp4,8
test02.mp4,8
test02.mp4,8
test02.mp4,8
test02.mp4,8
test02.mp4,8
test02.mp4,8
test02.mp4,8
test02.mp4,8
test02.mp4,8
test02.mp4,8
test02.mp4,8
test02.mp4,8
test02.mp4,8
test02.mp4,8
test02.mp4,8
test02.mp4,8
test02.mp4,8
test02.mp4,8
test02.mp4,8
test02.mp4,8
test02.mp4,8
test02.mp4,8
test02.mp4,8
test02.mp4,8
test02.mp4,8
test02.mp4,8
test02.mp4,8
test02.mp4,8
test02.mp4,8
test02.mp4,8
test02.mp4,8
test02.mp4,8
test02.mp4,8
test02.mp4,8
test02.mp4,8
test02.mp4,8
test02.mp4,8
test02.mp4,8
test02.mp4,8
test02.mp4,8
test02.mp4,8
test02.mp4,8
test02.mp4,8
test02.mp4,8
test02.mp4,8
test02.mp4,8
test02.mp4,8
test02.mp4,8
test02.mp4,8
test02.mp4,8
test02.mp4,8
test02.mp4,8
test02.mp4,8
test02.mp4,8
test02.mp4,8
test02.mp4,8
test02.mp4,8
test02.mp4,8
test02.mp4,8
test02.mp4,8
test02.mp4,8
test02.mp4,8
test02.mp4,8
test02.mp4,8
test02.mp4,8
test02.mp4,8
test02.mp4,8
test02.mp4,8
test02.mp4,8
test02.mp4,8
test02.mp4,8
test02.mp4,8
test02.mp4,8
test02.mp4,8
test02.mp4,8
test02.mp4,8
test02.mp4,8
test02.mp4,8
test02.mp4,8
test02.mp4,8
test02.mp4,8
test02.mp4,8
test02.mp4,8
test02.mp4,8
test02.mp4,8
test02.mp4,8
test02.mp4,8
test02.mp4,8
test02.mp4,8
test02.mp4,8
test02.mp4,8
test02.mp4,8
test02.mp4,8
test02.mp4,8
test02.mp4,8
test02.mp4,8
test02.mp4,8
test02.mp4,8
test02.mp4,8
test02.mp4,8
test02.mp4,8
test02.mp4,8
test02.mp4,8
test02.mp4,8
test02.mp4,8
test02.mp4,8
test02.mp4,8
test02.mp4,8
test02.mp4,8
test02.mp4,8
test02.mp4,8
test02.mp4,8
test02.mp4,8
test02.mp4,8
test02.mp4,8
test02.mp4,8
test02.mp4,8
test02.mp4,8
test02.mp4,8
test02.mp4,8
test02.mp4,8
test02.mp4,8
test02.mp4,8
test02.mp4,8
test02.mp4,8
test02.mp4,8
test02.mp4,8
test02.mp4,8
test02.mp4,8
test02.mp4,8
test02.mp4,8
test02.mp4,8
test02.mp4,8
test02.mp4,8
test02.mp4,8
test02.mp4,8
test02.mp4,8
test02.mp4,8
test02.mp4,8
test02.mp4,8
test02.mp4,8
test02.mp4,8
test02.mp4,8
test02.mp4,8
test02.mp4,8
test02.mp4,8
test02.mp4,8
test02.mp4,8
test02.mp4,8
test02.mp4,8
test02.mp4,8
test02.mp4,8
test02.mp4,8
test02.mp4,8
test02.mp4,8
test02.mp4,8
test02.mp4,8
test02.mp4,8
test02.mp4,8
test02.mp4,8
test02.mp4,8
test02.mp4,8
test02.mp4,8
test02.mp4,8
test02.mp4,8
test02.mp4,8
test02.mp4,8
test02.mp4,8
test02.mp4,8
test02.mp4,8
test02.mp4,8
test02.mp4,8
test02.mp4,8
test02.mp4,8
test02.mp4,8
test02.mp4,8
test02.mp4,8
test02.mp4,8
test02.mp4,8
test02.mp4,8
test02.mp4,8
test02.mp4,8
test02.mp4,8
test02.mp4,8
test02.mp4,8
test02.mp4,8
test02.mp4,8
test02.mp4,8
test02.mp4,8
test02.mp4,8
test02.mp4,8
test02.mp4,8
test02.mp4,8
test02.mp4,8
test02.mp4,8
test02.mp4,8
test02.mp4,8
test02.mp4,8
test02.mp4,8
test02.mp4,8
test02.mp4,8
test02.mp4,8
test02.mp4,8
test02.mp4,8
test02.mp4,8
test02.mp4,8
test02.mp4,8
test02.mp4,8
test02.mp4,8
test02.mp4,8
test02.mp4,8
test02.mp4,8
test02.mp4,8
test02.mp4,8
test02.mp4,8
test02.mp4,8
test02.mp4,8
test02.mp4,8
test02.mp4,8
test02.mp4,8
test02.mp4,8
test02.mp4,8
test02.mp4,8
test02.mp4,8
test02.mp4,8
test02.mp4,8
test02.mp4,8
test02.mp4,8
test02.mp4,8
test02.mp4,8
test02.mp4,8
test02.mp4,8
test02.mp4,8
test02.mp4,8
test02.mp4,8
test02.mp4,8
test02.mp4,8
test02.mp4,0
test02.mp4,0
test02.mp4,0
test02.mp4,0
test02.mp4,0
test02.mp4,0
test02.mp4,0
test02.mp4,0
test02.mp4,0
test02.mp4,0
test02.mp4,0
test02.mp4,0
test02.mp4,0
test02.mp4,0
test02.mp4,0
test02.mp4,0
test02.mp4,0
test02.mp4,0
test02.mp4,0
test02.mp4,0
test02.mp4,0
test02.mp4,0
test02.mp4,0
test02.mp4,0
test02.mp4,0
test02.mp4,0
test02.mp4,0
test02.mp4,0
test02.mp4,0
test02.mp4,0
test02.mp4,0
test02.mp4,0
test02.mp4,0
test02.mp4,0
test02.mp4,0
test02.mp4,0
test02.mp4,0
test02.mp4,0
test02.mp4,0
test02.mp4,0
test02.mp4,0
test02.mp4,0
test02.mp4,0
test02.mp4,0
test02.mp4,0
test02.mp4,0
test02.mp4,0
test02.mp4,0
test02.mp4,0
test02.mp4,0
test02.mp4,0
test02.mp4,0
test02.mp4,0
test02.mp4,0
test02.mp4,0
test02.mp4,0
test02.mp4,0
test02.mp4,0
test02.mp4,0
test02.mp4,0
test02.mp4,0
test02.mp4,0
test02.mp4,9
test02.mp4,9
test02.mp4,9
test02.mp4,9
test02.mp4,9
test02.mp4,9
test02.mp4,9
test02.mp4,9
test02.mp4,9
test02.mp4,9
test02.mp4,9
test02.mp4,9
test02.mp4,9
test02.mp4,9
test02.mp4,9
test02.mp4,9
test02.mp4,9
test02.mp4,9
test02.mp4,9
test02.mp4,9
test02.mp4,9
test02.mp4,9
test02.mp4,9
test02.mp4,9
test02.mp4,9
test02.mp4,9
test02.mp4,9
test02.mp4,9
test02.mp4,9
test02.mp4,9
test02.mp4,9
test02.mp4,9
test02.mp4,9
test02.mp4,9
test02.mp4,9
test02.mp4,9
test02.mp4,9
test02.mp4,9
test02.mp4,9
test02.mp4,9
test02.mp4,9
test02.mp4,9
test02.mp4,9
test02.mp4,9
test02.mp4,9
test02.mp4,9
test02.mp4,9
test02.mp4,9
test02.mp4,9
test02.mp4,9
test02.mp4,9
test02.mp4,9
test02.mp4,9
test02.mp4,9
test02.mp4,9
test02.mp4,9
test02.mp4,9
test02.mp4,9
test02.mp4,9
test02.mp4,9
test02.mp4,9
test02.mp4,9
test02.mp4,9
test02.mp4,9
test02.mp4,9
test02.mp4,9
test02.mp4,9
test02.mp4,9
test02.mp4,9
test02.mp4,9
test02.mp4,9
test02.mp4,9
test02.mp4,9
test02.mp4,9
test02.mp4,9
test02.mp4,9
test02.mp4,9
test02.mp4,9
test02.mp4,9
test02.mp4,9
test02.mp4,9
test02.mp4,9
test02.mp4,9
test02.mp4,0
test02.mp4,0
test02.mp4,0
test02.mp4,0
test02.mp4,0
test02.mp4,0
test02.mp4,0
test02.mp4,0
test02.mp4,0
test02.mp4,0
test02.mp4,0
test02.mp4,0
test02.mp4,0
test02.mp4,0
test02.mp4,0
test02.mp4,0
test02.mp4,0
test02.mp4,0
test02.mp4,0
test02.mp4,0
test02.mp4,0
test02.mp4,0
test02.mp4,0
test02.mp4,0
test02.mp4,0
test02.mp4,8
test02.mp4,8
test02.mp4,8
test02.mp4,8
test02.mp4,8
test02.mp4,8
test02.mp4,8
test02.mp4,8
test02.mp4,8
test02.mp4,8
test02.mp4,8
test02.mp4,8
test02.mp4,8
test02.mp4,8
test02.mp4,8
test02.mp4,8
test02.mp4,8
test02.mp4,8
test02.mp4,8
test02.mp4,8
test02.mp4,8
test02.mp4,8
test02.mp4,8
test02.mp4,8
test02.mp4,8
test02.mp4,8
test02.mp4,8
test02.mp4,8
test02.mp4,8
test02.mp4,8
test02.mp4,8
test02.mp4,8
test02.mp4,8
test02.mp4,8
test02.mp4,8
test02.mp4,8
test02.mp4,8
test02.mp4,8
test02.mp4,8
test02.mp4,8
test02.mp4,8
test02.mp4,8
test02.mp4,8
test02.mp4,8
test02.mp4,8
test02.mp4,8
test02.mp4,8
test02.mp4,8
test02.mp4,8
test02.mp4,8
test02.mp4,8
test02.mp4,8
test02.mp4,8
test02.mp4,8
test02.mp4,8
test02.mp4,8
test02.mp4,8
test02.mp4,8
test02.mp4,8
test02.mp4,8
test02.mp4,8
test02.mp4,8
test02.mp4,8
test02.mp4,8
test02.mp4,8
test02.mp4,8
test02.mp4,8
test02.mp4,8
test02.mp4,8
test02.mp4,8
test02.mp4,8
test02.mp4,8
test02.mp4,8
test02.mp4,8
test02.mp4,8
test02.mp4,8
test02.mp4,8
test02.mp4,8
test02.mp4,8
test02.mp4,8
test02.mp4,8
test02.mp4,8
test02.mp4,8
test02.mp4,8
test02.mp4,8
test02.mp4,8
test02.mp4,8
test02.mp4,8
test02.mp4,8
test02.mp4,8
test02.mp4,8
test02.mp4,8
test02.mp4,8
test02.mp4,8
test02.mp4,8
test02.mp4,8
test02.mp4,8
test02.mp4,8
test02.mp4,8
test02.mp4,8
test02.mp4,8
test02.mp4,8
test02.mp4,8
test02.mp4,8
test02.mp4,8
test02.mp4,8
test02.mp4,8
test02.mp4,8
test02.mp4,8
test02.mp4,8
test02.mp4,8
test02.mp4,8
test02.mp4,0
test02.mp4,0
test02.mp4,0
test02.mp4,0
test02.mp4,0
test02.mp4,0
test02.mp4,0
test02.mp4,0
test02.mp4,4
test02.mp4,4
test02.mp4,4
test02.mp4,4
test02.mp4,4
test02.mp4,4
test02.mp4,4
test02.mp4,4
test02.mp4,4
test02.mp4,4
test02.mp4,4
test02.mp4,4
test02.mp4,4
test02.mp4,4
test02.mp4,4
test02.mp4,4
test02.mp4,4
test02.mp4,0
test02.mp4,0
test02.mp4,0
test02.mp4,0
test02.mp4,0
test02.mp4,0
test02.mp4,0
test02.mp4,0
test02.mp4,0
test02.mp4,0
test02.mp4,0
test02.mp4,0
test02.mp4,0
test02.mp4,0
test02.mp4,10
test02.mp4,10
test02.mp4,10
test02.mp4,10
test02.mp4,10
test02.mp4,10
test02.mp4,10
test02.mp4,10
test02.mp4,10
test02.mp4,10
test02.mp4,10
test02.mp4,10
test02.mp4,10
test02.mp4,10
test02.mp4,10
test02.mp4,10
test02.mp4,10
test02.mp4,10
test02.mp4,10
test02.mp4,10
test02.mp4,10
test02.mp4,10
test02.mp4,10
test02.mp4,10
test02.mp4,10
test02.mp4,10
test02.mp4,10
test02.mp4,10
test02.mp4,10
test02.mp4,10
test02.mp4,10
test02.mp4,10
test02.mp4,10
test02.mp4,10
test02.mp4,10
test02.mp4,10
test02.mp4,10
test02.mp4,10
test02.mp4,10
test02.mp4,10
test02.mp4,10
test02.mp4,10
test02.mp4,10
test02.mp4,10
test02.mp4,10
test02.mp4,10
test02.mp4,10
test02.mp4,10
test02.mp4,10
test02.mp4,10
test02.mp4,10
test02.mp4,10
test02.mp4,10
test02.mp4,10
test02.mp4,10
test02.mp4,10
test02.mp4,10
test02.mp4,10
test02.mp4,10
test02.mp4,10
test02.mp4,10
test02.mp4,10
test02.mp4,10
test02.mp4,10
test02.mp4,10
test02.mp4,10
test02.mp4,10
test02.mp4,10
test02.mp4,10
test02.mp4,10
test02.mp4,10
test02.mp4,10
test02.mp4,10
test02.mp4,10
test02.mp4,10
test02.mp4,10
test02.mp4,10
test02.mp4,10
test02.mp4,10
test02.mp4,10
test02.mp4,10
test02.mp4,10
test02.mp4,10
test02.mp4,10
test02.mp4,10
test02.mp4,10
test02.mp4,10
test02.mp4,10
test02.mp4,10
test02.mp4,10
test02.mp4,10
test02.mp4,10
test02.mp4,10
test02.mp4,10
test02.mp4,10
test02.mp4,10
test02.mp4,10
test02.mp4,10
test02.mp4,10
test02.mp4,10
test02.mp4,10
test02.mp4,10
test02.mp4,10
test02.mp4,10
test02.mp4,10
test02.mp4,10
test02.mp4,10
test02.mp4,10
test02.mp4,10
test02.mp4,10
test02.mp4,10
test02.mp4,10
test02.mp4,10
test02.mp4,10
test02.mp4,10
test02.mp4,10
test02.mp4,10
test02.mp4,10
test02.mp4,10
test02.mp4,10
test02.mp4,10
test02.mp4,10
test02.mp4,10
test02.mp4,10
test02.mp4,10
test02.mp4,10
test02.mp4,10
test02.mp4,10
test02.mp4,10
test02.mp4,10
test02.mp4,10
test02.mp4,10
test02.mp4,10
test02.mp4,10
test02.mp4,10
test02.mp4,10
test02.mp4,10
test02.mp4,10
test02.mp4,10
test02.mp4,0
test02.mp4,0
test02.mp4,0
test02.mp4,0
test02.mp4,0
test02.mp4,0
test02.mp4,0
test02.mp4,0
test02.mp4,0
test02.mp4,0
test02.mp4,0
test02.mp4,0
test02.mp4,0
test02.mp4,0
test02.mp4,0
test02.mp4,0
test02.mp4,0
test02.mp4,0
test02.mp4,0
test02.mp4,0
test02.mp4,0
test02.mp4,0
test02.mp4,0
test02.mp4,0
test02.mp4,4
test02.mp4,4
test02.mp4,4
test02.mp4,4
test02.mp4,4
test02.mp4,4
test02.mp4,4
test02.mp4,4
test02.mp4,4
test02.mp4,4
test02.mp4,4
test02.mp4,4
test02.mp4,4
test02.mp4,4
test02.mp4,0
test02.mp4,0
test02.mp4,0
test02.mp4,0
test02.mp4,3
test02.mp4,3
test02.mp4,3
test02.mp4,3
test02.mp4,3
test02.mp4,3
test02.mp4,3
test02.mp4,3
test02.mp4,3
test02.mp4,3
test02.mp4,3
test02.mp4,0
test02.mp4,0
test02.mp4,0
test02.mp4,0
test02.mp4,0
test02.mp4,0
test02.mp4,0
test02.mp4,0
test02.mp4,0
test02.mp4,0
test02.mp4,4
test02.mp4,4
test02.mp4,4
test02.mp4,4
test02.mp4,4
test02.mp4,4
test02.mp4,4
test02.mp4,4
test02.mp4,4
test02.mp4,4
test02.mp4,4
test02.mp4,4
test02.mp4,4
test02.mp4,0
test02.mp4,0
test02.mp4,0
test02.mp4,0
test02.mp4,0
test02.mp4,0
test02.mp4,0
test02.mp4,0
test02.mp4,0
test02.mp4,0
test02.mp4,0
test02.mp4,0
test02.mp4,0
test02.mp4,0
test02.mp4,0
test02.mp4,0
test02.mp4,0
test02.mp4,0
test02.mp4,0
test02.mp4,0
test02.mp4,0
test02.mp4,0
test02.mp4,0
test02.mp4,0
test02.mp4,0
test02.mp4,0
test02.mp4,0
test02.mp4,0
test02.mp4,0
test02.mp4,0
test02.mp4,0
test02.mp4,0
test02.mp4,0
test02.mp4,0
test02.mp4,0
test02.mp4,0
test02.mp4,0
test02.mp4,0
test02.mp4,0
test02.mp4,0
test02.mp4,0
test02.mp4,0
test02.mp4,0
test02.mp4,0
test02.mp4,0
test02.mp4,0
test02.mp4,0
test02.mp4,0
test02.mp4,0
test02.mp4,0
test02.mp4,0
test02.mp4,0
test02.mp4,0
test02.mp4,0
test02.mp4,0
test02.mp4,0
test02.mp4,0
test02.mp4,0
test02.mp4,0
test02.mp4,0
test02.mp4,0
test02.mp4,0
test02.mp4,0
test02.mp4,0
test02.mp4,0
test02.mp4,0
test02.mp4,0
test02.mp4,0
test02.mp4,0
test02.mp4,0
test02.mp4,0
test02.mp4,0
test02.mp4,0
test02.mp4,0
test02.mp4,0
test02.mp4,0
test02.mp4,0
test02.mp4,0
test02.mp4,0
test02.mp4,0
test02.mp4,0
test02.mp4,0
test02.mp4,0
test02.mp4,0
test02.mp4,0
test02.mp4,0
test02.mp4,0
test02.mp4,0
test02.mp4,0
test02.mp4,0
test02.mp4,0
test02.mp4,0
test02.mp4,0
test02.mp4,0
test02.mp4,0
test02.mp4,0
test02.mp4,0
test02.mp4,0
test02.mp4,0
test02.mp4,0
test02.mp4,11
test02.mp4,11
test02.mp4,11
test02.mp4,11
test02.mp4,11
test02.mp4,11
test02.mp4,11
test02.mp4,11
test02.mp4,11
test02.mp4,11
test02.mp4,11
test02.mp4,11
test02.mp4,11
test02.mp4,11
test02.mp4,11
test02.mp4,11
test02.mp4,11
test02.mp4,11
test02.mp4,11
test02.mp4,11
test02.mp4,0
test02.mp4,0
test02.mp4,0
test02.mp4,0
test02.mp4,0
test02.mp4,0
test02.mp4,0
test02.mp4,0
test02.mp4,0
test02.mp4,0
test02.mp4,0
test02.mp4,0
test02.mp4,0
test02.mp4,0
test02.mp4,0
test02.mp4,0
test02.mp4,0
test02.mp4,0
test02.mp4,0
test02.mp4,0
test02.mp4,13
test02.mp4,13
test02.mp4,13
test02.mp4,13
test02.mp4,13
test02.mp4,13
test02.mp4,13
test02.mp4,13
test02.mp4,13
test02.mp4,13
test02.mp4,13
test02.mp4,13
test02.mp4,13
test02.mp4,13
test02.mp4,13
test02.mp4,13
test02.mp4,13
test02.mp4,13
test02.mp4,13
test02.mp4,13
test02.mp4,13
test02.mp4,13
test02.mp4,13
test02.mp4,13
test02.mp4,13
test02.mp4,13
test02.mp4,13
test02.mp4,13
test02.mp4,13
test02.mp4,13
test02.mp4,13
test02.mp4,13
test02.mp4,0
test02.mp4,0
test02.mp4,0
test02.mp4,0
test02.mp4,0
test02.mp4,0
test02.mp4,0
test02.mp4,0
test02.mp4,14
test02.mp4,14
test02.mp4,14
test02.mp4,14
test02.mp4,14
test02.mp4,14
test02.mp4,14
test02.mp4,14
test02.mp4,14
test02.mp4,14
test02.mp4,14
test02.mp4,14
test02.mp4,14
test02.mp4,14
test02.mp4,14
test02.mp4,14
test02.mp4,14
test02.mp4,14
test02.mp4,14
test02.mp4,14
test02.mp4,14
test02.mp4,14
test02.mp4,14
test02.mp4,14
test02.mp4,14
test02.mp4,14
test02.mp4,14
test02.mp4,14
test02.mp4,14
test02.mp4,14
test02.mp4,14
test02.mp4,14
test02.mp4,14
test02.mp4,14
test02.mp4,14
test02.mp4,14
test02.mp4,14
test02.mp4,14
test02.mp4,14
test02.mp4,14
test02.mp4,14
test02.mp4,14
test02.mp4,14
test02.mp4,0
test02.mp4,0
test02.mp4,0
test02.mp4,0
test02.mp4,0
test02.mp4,0
test02.mp4,0
test02.mp4,0
test02.mp4,0
test02.mp4,0
test02.mp4,0
test02.mp4,0
test02.mp4,0
test02.mp4,0
test02.mp4,0
test02.mp4,17
test02.mp4,17
test02.mp4,17
test02.mp4,17
test02.mp4,17
test02.mp4,0
test02.mp4,0
test02.mp4,0
test02.mp4,0
test02.mp4,0
test02.mp4,0
test02.mp4,0
test02.mp4,0
test02.mp4,0
test02.mp4,0
test02.mp4,0
test02.mp4,0
test02.mp4,0
test02.mp4,0
test02.mp4,0
test02.mp4,0
test02.mp4,0
test02.mp4,0
test02.mp4,0
test02.mp4,0
test02.mp4,0
test02.mp4,0
test02.mp4,0
test02.mp4,0
test02.mp4,0
test02.mp4,0
test02.mp4,0
test02.mp4,0
test02.mp4,0
test02.mp4,0
test02.mp4,0
test02.mp4,0
test02.mp4,0
test02.mp4,0
test02.mp4,0
test02.mp4,15
test02.mp4,15
test02.mp4,15
test02.mp4,15
test02.mp4,15
test02.mp4,15
test02.mp4,15
test02.mp4,15
test02.mp4,15
test02.mp4,15
test02.mp4,15
test02.mp4,15
test02.mp4,15
test02.mp4,15
test02.mp4,15
test02.mp4,15
test02.mp4,15
test02.mp4,15
test02.mp4,15
test02.mp4,0
test02.mp4,0
test02.mp4,0
test02.mp4,0
test02.mp4,0
test02.mp4,0
test02.mp4,0
test02.mp4,0
test02.mp4,0
test02.mp4,0
test02.mp4,0
test02.mp4,0
test02.mp4,0
test02.mp4,0
test02.mp4,0
test02.mp4,0
test02.mp4,0
test02.mp4,0
test02.mp4,0
test02.mp4,0
test02.mp4,0
test02.mp4,0
test02.mp4,0
test02.mp4,0
test02.mp4,12
test02.mp4,12
test02.mp4,12
test02.mp4,12
test02.mp4,12
test02.mp4,12
test02.mp4,12
test02.mp4,12
test02.mp4,12
test02.mp4,12
test02.mp4,12
test02.mp4,12
test02.mp4,12
test02.mp4,12
test02.mp4,12
test02.mp4,12
test02.mp4,12
test02.mp4,12
test02.mp4,12
test02.mp4,12
test02.mp4,12
test02.mp4,12
test02.mp4,12
test02.mp4,0
test02.mp4,0
test02.mp4,0
test02.mp4,0
test02.mp4,0
test02.mp4,0
test02.mp4,0
test02.mp4,0
test02.mp4,0
test02.mp4,0
test02.mp4,0
test02.mp4,0
test02.mp4,0
test02.mp4,0
test02.mp4,0
test02.mp4,0
test02.mp4,0
test02.mp4,0
test02.mp4,0
test02.mp4,0
test02.mp4,0
test02.mp4,0
test02.mp4,0
test02.mp4,0
test02.mp4,0
test02.mp4,0
test02.mp4,0
test02.mp4,0
test02.mp4,0
test02.mp4,0
test02.mp4,0
test02.mp4,0
test02.mp4,0
test02.mp4,0
test02.mp4,0
test02.mp4,0
test02.mp4,0
test02.mp4,0
test02.mp4,0
test02.mp4,0
test02.mp4,0
test02.mp4,0
test02.mp4,0
test02.mp4,0
test02.mp4,0
test02.mp4,0
test02.mp4,0
test02.mp4,0
test02.mp4,0
test02.mp4,0
test02.mp4,0
test02.mp4,0
test02.mp4,0
test02.mp4,0
test02.mp4,0
test02.mp4,0
test02.mp4,0
test02.mp4,0
test02.mp4,0
test02.mp4,0
test02.mp4,0
test02.mp4,0
test02.mp4,0
test02.mp4,0
test02.mp4,0
test02.mp4,0
test02.mp4,0
test02.mp4,0
test02.mp4,0
test02.mp4,0
test02.mp4,0
test02.mp4,0
test02.mp4,0
test02.mp4,0
test02.mp4,0
test02.mp4,0
test02.mp4,0
test02.mp4,0
test02.mp4,0
test02.mp4,0
test02.mp4,0
test02.mp4,0
test02.mp4,0
test02.mp4,0
test02.mp4,0
test02.mp4,0
test02.mp4,0
test02.mp4,16
test02.mp4,16
test02.mp4,16
test02.mp4,16
test02.mp4,16
test02.mp4,16
test02.mp4,16
test02.mp4,16
test02.mp4,16
test02.mp4,16
test02.mp4,16
test02.mp4,16
test02.mp4,16
test02.mp4,16
test02.mp4,16
test02.mp4,16
test02.mp4,16
test02.mp4,16
test02.mp4,16
test02.mp4,16
test02.mp4,16
test02.mp4,16
test02.mp4,16
test02.mp4,16
test02.mp4,16
test02.mp4,16
test02.mp4,16
test02.mp4,16
test02.mp4,16
test02.mp4,16
test02.mp4,16
test02.mp4,16
test02.mp4,16
test02.mp4,16
test02.mp4,16
test02.mp4,16
test02.mp4,16
test02.mp4,16
test02.mp4,16
test02.mp4,16
test02.mp4,16
test02.mp4,16
test02.mp4,16
test02.mp4,16
test02.mp4,16
test02.mp4,16
test02.mp4,16
test02.mp4,16
test02.mp4,16
test02.mp4,16
test02.mp4,16
test02.mp4,16
test02.mp4,16
test02.mp4,16
test02.mp4,16
test02.mp4,16
test02.mp4,16
test02.mp4,16
test02.mp4,16
test02.mp4,16
test02.mp4,16
test02.mp4,16
test02.mp4,16
test02.mp4,16
test02.mp4,16
test02.mp4,16
test02.mp4,16
test02.mp4,16
test02.mp4,0
test02.mp4,0
test02.mp4,0
test02.mp4,0
test02.mp4,0
test02.mp4,0
test02.mp4,0
test02.mp4,0
test02.mp4,0
test02.mp4,0
test02.mp4,0
test02.mp4,0
test02.mp4,0
test02.mp4,0
test02.mp4,0
test02.mp4,0
test02.mp4,0
test02.mp4,0
test02.mp4,0
test02.mp4,0
test02.mp4,0
test02.mp4,0
test02.mp4,0
test02.mp4,0
test02.mp4,0
test02.mp4,0
test02.mp4,0
test02.mp4,0
test02.mp4,18
test02.mp4,18
test02.mp4,18
test02.mp4,18
test02.mp4,18
test02.mp4,18
test02.mp4,18
test02.mp4,18
test02.mp4,18
test02.mp4,18
test02.mp4,18
test02.mp4,18
test02.mp4,18
test02.mp4,18
test02.mp4,18
test02.mp4,18
test02.mp4,18
test02.mp4,18
test02.mp4,18
test02.mp4,18
test02.mp4,18
test02.mp4,18
test02.mp4,18
test02.mp4,18
test02.mp4,18
test02.mp4,18
test02.mp4,18
test02.mp4,18
test02.mp4,18
test02.mp4,18
test02.mp4,18
test02.mp4,18
test02.mp4,18
test02.mp4,18
test02.mp4,18
test02.mp4,18
test02.mp4,18
test02.mp4,18
test02.mp4,18
test02.mp4,18
test02.mp4,18
test02.mp4,18
test02.mp4,18
test02.mp4,18
test02.mp4,18
test02.mp4,18
test02.mp4,18
test02.mp4,18
test02.mp4,18
test02.mp4,18
test02.mp4,18
test02.mp4,18
test02.mp4,18
test02.mp4,18
test02.mp4,18
test02.mp4,18
test02.mp4,18
test02.mp4,18
test02.mp4,0
test02.mp4,0
test02.mp4,0
test02.mp4,0
test02.mp4,0
test02.mp4,0
test03.mp4,0
test03.mp4,0
test03.mp4,0
test03.mp4,0
test03.mp4,0
test03.mp4,0
test03.mp4,0
test03.mp4,0
test03.mp4,3
test03.mp4,3
test03.mp4,3
test03.mp4,3
test03.mp4,3
test03.mp4,3
test03.mp4,3
test03.mp4,3
test03.mp4,3
test03.mp4,3
test03.mp4,3
test03.mp4,3
test03.mp4,3
test03.mp4,3
test03.mp4,3
test03.mp4,0
test03.mp4,4
test03.mp4,4
test03.mp4,4
test03.mp4,4
test03.mp4,4
test03.mp4,0
test03.mp4,0
test03.mp4,0
test03.mp4,0
test03.mp4,0
test03.mp4,0
test03.mp4,0
test03.mp4,0
test03.mp4,0
test03.mp4,5
test03.mp4,5
test03.mp4,5
test03.mp4,5
test03.mp4,5
test03.mp4,5
test03.mp4,5
test03.mp4,5
test03.mp4,5
test03.mp4,5
test03.mp4,5
test03.mp4,5
test03.mp4,5
test03.mp4,5
test03.mp4,5
test03.mp4,5
test03.mp4,5
test03.mp4,5
test03.mp4,5
test03.mp4,5
test03.mp4,5
test03.mp4,5
test03.mp4,5
test03.mp4,5
test03.mp4,5
test03.mp4,5
test03.mp4,0
test03.mp4,0
test03.mp4,0
test03.mp4,0
test03.mp4,0
test03.mp4,0
test03.mp4,0
test03.mp4,6
test03.mp4,6
test03.mp4,6
test03.mp4,6
test03.mp4,6
test03.mp4,6
test03.mp4,6
test03.mp4,6
test03.mp4,0
test03.mp4,0
test03.mp4,0
test03.mp4,0
test03.mp4,0
test03.mp4,0
test03.mp4,0
test03.mp4,0
test03.mp4,0
test03.mp4,0
test03.mp4,0
test03.mp4,0
test03.mp4,0
test03.mp4,0
test03.mp4,0
test03.mp4,0
test03.mp4,7
test03.mp4,7
test03.mp4,7
test03.mp4,7
test03.mp4,7
test03.mp4,7
test03.mp4,7
test03.mp4,7
test03.mp4,7
test03.mp4,7
test03.mp4,7
test03.mp4,7
test03.mp4,7
test03.mp4,7
test03.mp4,7
test03.mp4,7
test03.mp4,7
test03.mp4,7
test03.mp4,7
test03.mp4,7
test03.mp4,7
test03.mp4,7
test03.mp4,7
test03.mp4,7
test03.mp4,7
test03.mp4,7
test03.mp4,7
test03.mp4,7
test03.mp4,7
test03.mp4,7
test03.mp4,7
test03.mp4,7
test03.mp4,7
test03.mp4,7
test03.mp4,7
test03.mp4,7
test03.mp4,7
test03.mp4,7
test03.mp4,7
test03.mp4,7
test03.mp4,7
test03.mp4,7
test03.mp4,7
test03.mp4,7
test03.mp4,7
test03.mp4,7
test03.mp4,7
test03.mp4,7
test03.mp4,7
test03.mp4,7
test03.mp4,7
test03.mp4,7
test03.mp4,7
test03.mp4,8
test03.mp4,8
test03.mp4,8
test03.mp4,8
test03.mp4,8
test03.mp4,8
test03.mp4,8
test03.mp4,8
test03.mp4,8
test03.mp4,8
test03.mp4,8
test03.mp4,8
test03.mp4,8
test03.mp4,8
test03.mp4,8
test03.mp4,8
test03.mp4,8
test03.mp4,8
test03.mp4,8
test03.mp4,8
test03.mp4,8
test03.mp4,8
test03.mp4,8
test03.mp4,8
test03.mp4,8
test03.mp4,8
test03.mp4,8
test03.mp4,8
test03.mp4,8
test03.mp4,8
test03.mp4,8
test03.mp4,8
test03.mp4,8
test03.mp4,8
test03.mp4,8
test03.mp4,8
test03.mp4,8
test03.mp4,8
test03.mp4,8
test03.mp4,8
test03.mp4,8
test03.mp4,8
test03.mp4,8
test03.mp4,8
test03.mp4,8
test03.mp4,8
test03.mp4,8
test03.mp4,8
test03.mp4,8
test03.mp4,8
test03.mp4,8
test03.mp4,8
test03.mp4,8
test03.mp4,8
test03.mp4,8
test03.mp4,8
test03.mp4,8
test03.mp4,8
test03.mp4,8
test03.mp4,8
test03.mp4,8
test03.mp4,8
test03.mp4,8
test03.mp4,8
test03.mp4,8
test03.mp4,8
test03.mp4,8
test03.mp4,0
test03.mp4,0
test03.mp4,0
test03.mp4,0
test03.mp4,0
test03.mp4,0
test03.mp4,0
test03.mp4,0
test03.mp4,0
test03.mp4,0
test03.mp4,0
test03.mp4,0
test03.mp4,10
test03.mp4,10
test03.mp4,10
test03.mp4,10
test03.mp4,10
test03.mp4,10
test03.mp4,10
test03.mp4,10
test03.mp4,10
test03.mp4,10
test03.mp4,10
test03.mp4,10
test03.mp4,10
test03.mp4,10
test03.mp4,10
test03.mp4,10
test03.mp4,10
test03.mp4,10
test03.mp4,10
test03.mp4,10
test03.mp4,10
test03.mp4,10
test03.mp4,10
test03.mp4,10
test03.mp4,10
test03.mp4,10
test03.mp4,10
test03.mp4,10
test03.mp4,10
test03.mp4,10
test03.mp4,10
test03.mp4,10
test03.mp4,10
test03.mp4,10
test03.mp4,10
test03.mp4,10
test03.mp4,10
test03.mp4,10
test03.mp4,10
test03.mp4,10
test03.mp4,10
test03.mp4,10
test03.mp4,10
test03.mp4,10
test03.mp4,10
test03.mp4,10
test03.mp4,10
test03.mp4,0
test03.mp4,0
test03.mp4,0
test03.mp4,0
test03.mp4,0
test03.mp4,0
test03.mp4,4
test03.mp4,4
test03.mp4,4
test03.mp4,4
test03.mp4,4
test03.mp4,0
test03.mp4,0
test03.mp4,0
test03.mp4,0
test03.mp4,0
test03.mp4,0
test03.mp4,0
test03.mp4,0
test03.mp4,0
test03.mp4,0
test03.mp4,0
test03.mp4,0
test03.mp4,0
test03.mp4,0
test03.mp4,0
test03.mp4,0
test03.mp4,0
test03.mp4,0
test03.mp4,0
test03.mp4,0
test03.mp4,0
test03.mp4,0
test03.mp4,0
test03.mp4,0
test03.mp4,0
test03.mp4,0
test03.mp4,0
test03.mp4,0
test03.mp4,0
test03.mp4,0
test03.mp4,0
test03.mp4,0
test03.mp4,0
test03.mp4,0
test03.mp4,0
test03.mp4,0
test03.mp4,0
test03.mp4,13
test03.mp4,13
test03.mp4,13
test03.mp4,13
test03.mp4,13
test03.mp4,13
test03.mp4,13
test03.mp4,13
test03.mp4,13
test03.mp4,13
test03.mp4,13
test03.mp4,13
test03.mp4,13
test03.mp4,0
test03.mp4,0
test03.mp4,0
test03.mp4,0
test03.mp4,0
test03.mp4,0
test03.mp4,0
test03.mp4,14
test03.mp4,14
test03.mp4,14
test03.mp4,14
test03.mp4,14
test03.mp4,14
test03.mp4,14
test03.mp4,14
test03.mp4,14
test03.mp4,14
test03.mp4,14
test03.mp4,14
test03.mp4,14
test03.mp4,14
test03.mp4,14
test03.mp4,0
test03.mp4,0
test03.mp4,15
test03.mp4,15
test03.mp4,15
test03.mp4,15
test03.mp4,15
test03.mp4,15
test03.mp4,15
test03.mp4,15
test03.mp4,15
test03.mp4,15
test03.mp4,15
test03.mp4,15
test03.mp4,15
test03.mp4,15
test03.mp4,15
test03.mp4,15
test03.mp4,15
test03.mp4,15
test03.mp4,15
test03.mp4,15
test03.mp4,15
test03.mp4,15
test03.mp4,15
test03.mp4,15
test03.mp4,15
test03.mp4,15
test03.mp4,15
test03.mp4,15
test03.mp4,15
test03.mp4,15
test03.mp4,15
test03.mp4,15
test03.mp4,15
test03.mp4,15
test03.mp4,15
test03.mp4,15
test03.mp4,15
test03.mp4,15
test03.mp4,15
test03.mp4,15
test03.mp4,15
test03.mp4,15
test03.mp4,15
test03.mp4,15
test03.mp4,15
test03.mp4,15
test03.mp4,15
test03.mp4,15
test03.mp4,15
test03.mp4,15
test03.mp4,15
test03.mp4,15
test03.mp4,15
test03.mp4,15
test03.mp4,15
test03.mp4,15
test03.mp4,15
test03.mp4,15
test03.mp4,15
test03.mp4,15
test03.mp4,15
test03.mp4,15
test03.mp4,15
test03.mp4,15
test03.mp4,15
test03.mp4,0
test03.mp4,0
test03.mp4,0
test03.mp4,0
test03.mp4,18
test03.mp4,18
test03.mp4,18
test03.mp4,18
test03.mp4,18
test03.mp4,18
test03.mp4,18
test03.mp4,18
test03.mp4,18
test03.mp4,18
test03.mp4,18
test03.mp4,18
test03.mp4,18
test03.mp4,18
test03.mp4,18
test03.mp4,18
test03.mp4,18
test03.mp4,18
test03.mp4,18
test03.mp4,18
test03.mp4,18
test03.mp4,18
test03.mp4,18
test03.mp4,18
test03.mp4,18
test03.mp4,18
test03.mp4,18
test03.mp4,18
test03.mp4,18
test03.mp4,18
test03.mp4,18
test03.mp4,18
test03.mp4,18
test03.mp4,18
test03.mp4,18
test03.mp4,18
test03.mp4,18
test03.mp4,18
test03.mp4,18
test03.mp4,18
test03.mp4,18
test03.mp4,18
test03.mp4,18
test03.mp4,18
test03.mp4,18
test03.mp4,18
test03.mp4,18
test03.mp4,18
test03.mp4,18
test03.mp4,18
test03.mp4,18
test03.mp4,18
test03.mp4,18
test03.mp4,18
test03.mp4,18
test03.mp4,18
test03.mp4,18
test03.mp4,18
test03.mp4,18
test03.mp4,18
test03.mp4,18
test03.mp4,18
test03.mp4,18
test03.mp4,18
test03.mp4,18
test03.mp4,18
test03.mp4,18
test03.mp4,18
test03.mp4,18
test03.mp4,18
test03.mp4,18
test03.mp4,0
test03.mp4,0
test03.mp4,0
test03.mp4,0
test04.mp4,0
test04.mp4,0
test04.mp4,0
test04.mp4,0
test04.mp4,0
test04.mp4,0
test04.mp4,0
test04.mp4,0
test04.mp4,0
test04.mp4,0
test04.mp4,0
test04.mp4,0
test04.mp4,0
test04.mp4,0
test04.mp4,0
test04.mp4,0
test04.mp4,3
test04.mp4,3
test04.mp4,3
test04.mp4,3
test04.mp4,3
test04.mp4,3
test04.mp4,3
test04.mp4,3
test04.mp4,3
test04.mp4,3
test04.mp4,3
test04.mp4,3
test04.mp4,3
test04.mp4,3
test04.mp4,3
test04.mp4,3
test04.mp4,3
test04.mp4,3
test04.mp4,3
test04.mp4,3
test04.mp4,3
test04.mp4,3
test04.mp4,3
test04.mp4,3
test04.mp4,3
test04.mp4,3
test04.mp4,3
test04.mp4,3
test04.mp4,3
test04.mp4,3
test04.mp4,3
test04.mp4,3
test04.mp4,3
test04.mp4,3
test04.mp4,3
test04.mp4,3
test04.mp4,3
test04.mp4,0
test04.mp4,0
test04.mp4,4
test04.mp4,4
test04.mp4,4
test04.mp4,4
test04.mp4,0
test04.mp4,0
test04.mp4,5
test04.mp4,5
test04.mp4,5
test04.mp4,5
test04.mp4,5
test04.mp4,5
test04.mp4,5
test04.mp4,5
test04.mp4,5
test04.mp4,5
test04.mp4,5
test04.mp4,5
test04.mp4,5
test04.mp4,5
test04.mp4,5
test04.mp4,5
test04.mp4,5
test04.mp4,5
test04.mp4,5
test04.mp4,5
test04.mp4,5
test04.mp4,5
test04.mp4,5
test04.mp4,5
test04.mp4,5
test04.mp4,5
test04.mp4,5
test04.mp4,5
test04.mp4,5
test04.mp4,5
test04.mp4,5
test04.mp4,5
test04.mp4,0
test04.mp4,0
test04.mp4,0
test04.mp4,0
test04.mp4,0
test04.mp4,0
test04.mp4,6
test04.mp4,6
test04.mp4,6
test04.mp4,6
test04.mp4,6
test04.mp4,6
test04.mp4,6
test04.mp4,6
test04.mp4,6
test04.mp4,0
test04.mp4,0
test04.mp4,0
test04.mp4,0
test04.mp4,0
test04.mp4,0
test04.mp4,0
test04.mp4,7
test04.mp4,7
test04.mp4,7
test04.mp4,7
test04.mp4,7
test04.mp4,7
test04.mp4,7
test04.mp4,7
test04.mp4,7
test04.mp4,7
test04.mp4,7
test04.mp4,7
test04.mp4,7
test04.mp4,7
test04.mp4,7
test04.mp4,7
test04.mp4,7
test04.mp4,7
test04.mp4,7
test04.mp4,7
test04.mp4,7
test04.mp4,7
test04.mp4,7
test04.mp4,7
test04.mp4,7
test04.mp4,7
test04.mp4,7
test04.mp4,7
test04.mp4,7
test04.mp4,7
test04.mp4,7
test04.mp4,7
test04.mp4,7
test04.mp4,7
test04.mp4,7
test04.mp4,7
test04.mp4,7
test04.mp4,7
test04.mp4,7
test04.mp4,7
test04.mp4,7
test04.mp4,0
test04.mp4,0
test04.mp4,8
test04.mp4,8
test04.mp4,8
test04.mp4,8
test04.mp4,8
test04.mp4,8
test04.mp4,8
test04.mp4,8
test04.mp4,8
test04.mp4,8
test04.mp4,8
test04.mp4,8
test04.mp4,8
test04.mp4,8
test04.mp4,8
test04.mp4,8
test04.mp4,8
test04.mp4,8
test04.mp4,8
test04.mp4,8
test04.mp4,8
test04.mp4,8
test04.mp4,8
test04.mp4,8
test04.mp4,8
test04.mp4,8
test04.mp4,8
test04.mp4,8
test04.mp4,8
test04.mp4,8
test04.mp4,8
test04.mp4,8
test04.mp4,8
test04.mp4,8
test04.mp4,8
test04.mp4,8
test04.mp4,8
test04.mp4,8
test04.mp4,8
test04.mp4,8
test04.mp4,8
test04.mp4,8
test04.mp4,8
test04.mp4,8
test04.mp4,8
test04.mp4,8
test04.mp4,8
test04.mp4,8
test04.mp4,8
test04.mp4,8
test04.mp4,8
test04.mp4,8
test04.mp4,8
test04.mp4,8
test04.mp4,8
test04.mp4,8
test04.mp4,8
test04.mp4,8
test04.mp4,8
test04.mp4,8
test04.mp4,8
test04.mp4,8
test04.mp4,8
test04.mp4,8
test04.mp4,8
test04.mp4,8
test04.mp4,8
test04.mp4,8
test04.mp4,8
test04.mp4,8
test04.mp4,8
test04.mp4,8
test04.mp4,0
test04.mp4,0
test04.mp4,0
test04.mp4,0
test04.mp4,0
test04.mp4,0
test04.mp4,0
test04.mp4,0
test04.mp4,0
test04.mp4,0
test04.mp4,0
test04.mp4,0
test04.mp4,0
test04.mp4,10
test04.mp4,10
test04.mp4,10
test04.mp4,10
test04.mp4,10
test04.mp4,10
test04.mp4,10
test04.mp4,10
test04.mp4,10
test04.mp4,10
test04.mp4,10
test04.mp4,10
test04.mp4,10
test04.mp4,10
test04.mp4,10
test04.mp4,10
test04.mp4,10
test04.mp4,10
test04.mp4,10
test04.mp4,10
test04.mp4,10
test04.mp4,10
test04.mp4,10
test04.mp4,10
test04.mp4,10
test04.mp4,10
test04.mp4,10
test04.mp4,10
test04.mp4,10
test04.mp4,10
test04.mp4,10
test04.mp4,10
test04.mp4,10
test04.mp4,10
test04.mp4,10
test04.mp4,10
test04.mp4,10
test04.mp4,10
test04.mp4,10
test04.mp4,10
test04.mp4,10
test04.mp4,10
test04.mp4,10
test04.mp4,10
test04.mp4,10
test04.mp4,10
test04.mp4,10
test04.mp4,10
test04.mp4,10
test04.mp4,10
test04.mp4,10
test04.mp4,10
test04.mp4,10
test04.mp4,10
test04.mp4,10
test04.mp4,10
test04.mp4,10
test04.mp4,0
test04.mp4,0
test04.mp4,0
test04.mp4,0
test04.mp4,0
test04.mp4,0
test04.mp4,0
test04.mp4,0
test04.mp4,0
test04.mp4,4
test04.mp4,4
test04.mp4,4
test04.mp4,4
test04.mp4,4
test04.mp4,4
test04.mp4,0
test04.mp4,0
test04.mp4,0
test04.mp4,0
test04.mp4,0
test04.mp4,0
test04.mp4,0
test04.mp4,0
test04.mp4,0
test04.mp4,0
test04.mp4,0
test04.mp4,0
test04.mp4,0
test04.mp4,0
test04.mp4,0
test04.mp4,0
test04.mp4,0
test04.mp4,0
test04.mp4,0
test04.mp4,0
test04.mp4,0
test04.mp4,11
test04.mp4,11
test04.mp4,11
test04.mp4,11
test04.mp4,11
test04.mp4,11
test04.mp4,11
test04.mp4,11
test04.mp4,11
test04.mp4,11
test04.mp4,11
test04.mp4,11
test04.mp4,11
test04.mp4,11
test04.mp4,11
test04.mp4,11
test04.mp4,11
test04.mp4,11
test04.mp4,11
test04.mp4,11
test04.mp4,11
test04.mp4,11
test04.mp4,0
test04.mp4,0
test04.mp4,0
test04.mp4,0
test04.mp4,0
test04.mp4,0
test04.mp4,0
test04.mp4,0
test04.mp4,13
test04.mp4,13
test04.mp4,13
test04.mp4,13
test04.mp4,13
test04.mp4,13
test04.mp4,13
test04.mp4,13
test04.mp4,13
test04.mp4,13
test04.mp4,13
test04.mp4,13
test04.mp4,13
test04.mp4,13
test04.mp4,13
test04.mp4,13
test04.mp4,13
test04.mp4,13
test04.mp4,13
test04.mp4,13
test04.mp4,13
test04.mp4,13
test04.mp4,0
test04.mp4,0
test04.mp4,14
test04.mp4,14
test04.mp4,14
test04.mp4,14
test04.mp4,14
test04.mp4,14
test04.mp4,14
test04.mp4,0
test04.mp4,0
test04.mp4,0
test04.mp4,0
test04.mp4,15
test04.mp4,15
test04.mp4,15
test04.mp4,15
test04.mp4,15
test04.mp4,15
test04.mp4,15
test04.mp4,15
test04.mp4,15
test04.mp4,15
test04.mp4,15
test04.mp4,15
test04.mp4,15
test04.mp4,15
test04.mp4,15
test04.mp4,15
test04.mp4,15
test04.mp4,15
test04.mp4,15
test04.mp4,15
test04.mp4,15
test04.mp4,15
test04.mp4,15
test04.mp4,15
test04.mp4,15
test04.mp4,15
test04.mp4,15
test04.mp4,15
test04.mp4,15
test04.mp4,15
test04.mp4,15
test04.mp4,15
test04.mp4,15
test04.mp4,15
test04.mp4,15
test04.mp4,15
test04.mp4,15
test04.mp4,15
test04.mp4,15
test04.mp4,15
test04.mp4,15
test04.mp4,15
test04.mp4,15
test04.mp4,15
test04.mp4,15
test04.mp4,15
test04.mp4,15
test04.mp4,0
test04.mp4,0
test04.mp4,0
test04.mp4,0
test04.mp4,0
test04.mp4,18
test04.mp4,18
test04.mp4,18
test04.mp4,18
test04.mp4,18
test04.mp4,18
test04.mp4,18
test04.mp4,18
test04.mp4,18
test04.mp4,18
test04.mp4,18
test04.mp4,18
test04.mp4,18
test04.mp4,18
test04.mp4,18
test04.mp4,18
test04.mp4,18
test04.mp4,18
test04.mp4,18
test04.mp4,18
test04.mp4,18
test04.mp4,18
test04.mp4,18
test04.mp4,18
test04.mp4,18
test04.mp4,18
test04.mp4,18
test04.mp4,0
test04.mp4,0
test04.mp4,0
test04.mp4,0
test05.mp4,0
test05.mp4,0
test05.mp4,0
test05.mp4,0
test05.mp4,0
test05.mp4,0
test05.mp4,0
test05.mp4,0
test05.mp4,0
test05.mp4,0
test05.mp4,0
test05.mp4,0
test05.mp4,0
test05.mp4,0
test05.mp4,0
test05.mp4,0
test05.mp4,0
test05.mp4,0
test05.mp4,0
test05.mp4,0
test05.mp4,0
test05.mp4,0
test05.mp4,0
test05.mp4,3
test05.mp4,3
test05.mp4,3
test05.mp4,3
test05.mp4,3
test05.mp4,3
test05.mp4,3
test05.mp4,3
test05.mp4,3
test05.mp4,3
test05.mp4,3
test05.mp4,3
test05.mp4,3
test05.mp4,3
test05.mp4,3
test05.mp4,3
test05.mp4,3
test05.mp4,0
test05.mp4,0
test05.mp4,4
test05.mp4,4
test05.mp4,4
test05.mp4,4
test05.mp4,4
test05.mp4,0
test05.mp4,0
test05.mp4,5
test05.mp4,5
test05.mp4,5
test05.mp4,5
test05.mp4,5
test05.mp4,5
test05.mp4,5
test05.mp4,5
test05.mp4,5
test05.mp4,5
test05.mp4,5
test05.mp4,5
test05.mp4,5
test05.mp4,5
test05.mp4,5
test05.mp4,5
test05.mp4,5
test05.mp4,5
test05.mp4,5
test05.mp4,5
test05.mp4,5
test05.mp4,5
test05.mp4,5
test05.mp4,5
test05.mp4,5
test05.mp4,5
test05.mp4,5
test05.mp4,5
test05.mp4,5
test05.mp4,5
test05.mp4,5
test05.mp4,5
test05.mp4,5
test05.mp4,5
test05.mp4,5
test05.mp4,5
test05.mp4,5
test05.mp4,5
test05.mp4,5
test05.mp4,5
test05.mp4,5
test05.mp4,5
test05.mp4,5
test05.mp4,5
test05.mp4,5
test05.mp4,5
test05.mp4,0
test05.mp4,0
test05.mp4,6
test05.mp4,6
test05.mp4,6
test05.mp4,6
test05.mp4,6
test05.mp4,6
test05.mp4,6
test05.mp4,6
test05.mp4,6
test05.mp4,6
test05.mp4,6
test05.mp4,6
test05.mp4,6
test05.mp4,6
test05.mp4,6
test05.mp4,6
test05.mp4,0
test05.mp4,0
test05.mp4,0
test05.mp4,7
test05.mp4,7
test05.mp4,7
test05.mp4,7
test05.mp4,7
test05.mp4,7
test05.mp4,7
test05.mp4,7
test05.mp4,7
test05.mp4,7
test05.mp4,7
test05.mp4,7
test05.mp4,7
test05.mp4,7
test05.mp4,7
test05.mp4,7
test05.mp4,7
test05.mp4,7
test05.mp4,7
test05.mp4,7
test05.mp4,7
test05.mp4,7
test05.mp4,7
test05.mp4,7
test05.mp4,7
test05.mp4,7
test05.mp4,7
test05.mp4,7
test05.mp4,7
test05.mp4,7
test05.mp4,7
test05.mp4,7
test05.mp4,7
test05.mp4,7
test05.mp4,7
test05.mp4,7
test05.mp4,8
test05.mp4,8
test05.mp4,8
test05.mp4,8
test05.mp4,8
test05.mp4,8
test05.mp4,8
test05.mp4,8
test05.mp4,8
test05.mp4,8
test05.mp4,8
test05.mp4,8
test05.mp4,8
test05.mp4,8
test05.mp4,8
test05.mp4,8
test05.mp4,8
test05.mp4,8
test05.mp4,8
test05.mp4,8
test05.mp4,8
test05.mp4,8
test05.mp4,8
test05.mp4,8
test05.mp4,8
test05.mp4,8
test05.mp4,8
test05.mp4,8
test05.mp4,0
test05.mp4,0
test05.mp4,0
test05.mp4,0
test05.mp4,0
test05.mp4,0
test05.mp4,0
test05.mp4,0
test05.mp4,0
test05.mp4,0
test05.mp4,0
test05.mp4,0
test05.mp4,0
test05.mp4,0
test05.mp4,0
test05.mp4,0
test05.mp4,0
test05.mp4,0
test05.mp4,0
test05.mp4,0
test05.mp4,0
test05.mp4,0
test05.mp4,0
test05.mp4,0
test05.mp4,0
test05.mp4,0
test05.mp4,0
test05.mp4,0
test05.mp4,0
test05.mp4,0
test05.mp4,0
test05.mp4,10
test05.mp4,10
test05.mp4,10
test05.mp4,10
test05.mp4,10
test05.mp4,10
test05.mp4,10
test05.mp4,10
test05.mp4,10
test05.mp4,10
test05.mp4,10
test05.mp4,10
test05.mp4,10
test05.mp4,10
test05.mp4,10
test05.mp4,10
test05.mp4,10
test05.mp4,10
test05.mp4,10
test05.mp4,10
test05.mp4,10
test05.mp4,10
test05.mp4,10
test05.mp4,10
test05.mp4,10
test05.mp4,10
test05.mp4,10
test05.mp4,10
test05.mp4,10
test05.mp4,10
test05.mp4,10
test05.mp4,10
test05.mp4,10
test05.mp4,10
test05.mp4,10
test05.mp4,10
test05.mp4,10
test05.mp4,10
test05.mp4,10
test05.mp4,10
test05.mp4,10
test05.mp4,10
test05.mp4,10
test05.mp4,10
test05.mp4,10
test05.mp4,10
test05.mp4,10
test05.mp4,10
test05.mp4,10
test05.mp4,10
test05.mp4,10
test05.mp4,10
test05.mp4,0
test05.mp4,0
test05.mp4,0
test05.mp4,0
test05.mp4,0
test05.mp4,0
test05.mp4,0
test05.mp4,0
test05.mp4,0
test05.mp4,0
test05.mp4,4
test05.mp4,4
test05.mp4,4
test05.mp4,4
test05.mp4,4
test05.mp4,4
test05.mp4,4
test05.mp4,4
test05.mp4,4
test05.mp4,4
test05.mp4,4
test05.mp4,4
test05.mp4,0
test05.mp4,0
test05.mp4,0
test05.mp4,0
test05.mp4,0
test05.mp4,0
test05.mp4,0
test05.mp4,0
test05.mp4,0
test05.mp4,0
test05.mp4,0
test05.mp4,0
test05.mp4,0
test05.mp4,0
test05.mp4,0
test05.mp4,0
test05.mp4,0
test05.mp4,0
test05.mp4,0
test05.mp4,0
test05.mp4,0
test05.mp4,0
test05.mp4,0
test05.mp4,0
test05.mp4,11
test05.mp4,11
test05.mp4,11
test05.mp4,11
test05.mp4,11
test05.mp4,11
test05.mp4,11
test05.mp4,11
test05.mp4,11
test05.mp4,11
test05.mp4,11
test05.mp4,11
test05.mp4,11
test05.mp4,11
test05.mp4,11
test05.mp4,11
test05.mp4,11
test05.mp4,11
test05.mp4,11
test05.mp4,11
test05.mp4,0
test05.mp4,0
test05.mp4,0
test05.mp4,0
test05.mp4,0
test05.mp4,0
test05.mp4,0
test05.mp4,0
test05.mp4,0
test05.mp4,0
test05.mp4,0
test05.mp4,0
test05.mp4,0
test05.mp4,13
test05.mp4,13
test05.mp4,13
test05.mp4,13
test05.mp4,13
test05.mp4,13
test05.mp4,13
test05.mp4,13
test05.mp4,13
test05.mp4,13
test05.mp4,13
test05.mp4,13
test05.mp4,13
test05.mp4,13
test05.mp4,13
test05.mp4,13
test05.mp4,13
test05.mp4,0
test05.mp4,0
test05.mp4,0
test05.mp4,14
test05.mp4,14
test05.mp4,14
test05.mp4,14
test05.mp4,14
test05.mp4,14
test05.mp4,14
test05.mp4,14
test05.mp4,14
test05.mp4,0
test05.mp4,0
test05.mp4,15
test05.mp4,15
test05.mp4,15
test05.mp4,15
test05.mp4,15
test05.mp4,15
test05.mp4,15
test05.mp4,15
test05.mp4,15
test05.mp4,15
test05.mp4,15
test05.mp4,15
test05.mp4,15
test05.mp4,15
test05.mp4,15
test05.mp4,15
test05.mp4,15
test05.mp4,15
test05.mp4,15
test05.mp4,15
test05.mp4,15
test05.mp4,15
test05.mp4,15
test05.mp4,15
test05.mp4,15
test05.mp4,15
test05.mp4,0
test05.mp4,0
test05.mp4,0
test05.mp4,0
test05.mp4,0
test05.mp4,0
test05.mp4,18
test05.mp4,18
test05.mp4,18
test05.mp4,18
test05.mp4,18
test05.mp4,18
test05.mp4,18
test05.mp4,18
test05.mp4,18
test05.mp4,18
test05.mp4,18
test05.mp4,18
test05.mp4,18
test05.mp4,18
test05.mp4,18
test05.mp4,18
test05.mp4,18
test05.mp4,18
test05.mp4,18
test05.mp4,18
test05.mp4,18
test05.mp4,18
test05.mp4,18
test05.mp4,18
test05.mp4,18
test05.mp4,18
test05.mp4,18
test05.mp4,18
test05.mp4,18
test05.mp4,18
test05.mp4,18
test05.mp4,18
test05.mp4,18
test05.mp4,18
test05.mp4,18
test05.mp4,18
test05.mp4,18
test05.mp4,18
test05.mp4,18
test05.mp4,18
test05.mp4,18
test05.mp4,18
test05.mp4,18
test05.mp4,18
test05.mp4,18
test05.mp4,18
test05.mp4,18
test05.mp4,18
test05.mp4,18
test05.mp4,18
test05.mp4,18
test05.mp4,18
test05.mp4,18
test05.mp4,18
test05.mp4,18
test05.mp4,18
test05.mp4,18
test05.mp4,18
test05.mp4,18
test05.mp4,0
test05.mp4,0
test05.mp4,0
test05.mp4,0
test05.mp4,0
test06.mp4,0
test06.mp4,0
test06.mp4,0
test06.mp4,0
test06.mp4,0
test06.mp4,0
test06.mp4,0
test06.mp4,0
test06.mp4,0
test06.mp4,0
test06.mp4,0
test06.mp4,0
test06.mp4,3
test06.mp4,3
test06.mp4,3
test06.mp4,3
test06.mp4,3
test06.mp4,3
test06.mp4,3
test06.mp4,3
test06.mp4,3
test06.mp4,3
test06.mp4,3
test06.mp4,3
test06.mp4,3
test06.mp4,3
test06.mp4,3
test06.mp4,3
test06.mp4,3
test06.mp4,3
test06.mp4,3
test06.mp4,3
test06.mp4,3
test06.mp4,3
test06.mp4,3
test06.mp4,3
test06.mp4,3
test06.mp4,3
test06.mp4,3
test06.mp4,0
test06.mp4,0
test06.mp4,0
test06.mp4,0
test06.mp4,0
test06.mp4,0
test06.mp4,4
test06.mp4,4
test06.mp4,4
test06.mp4,4
test06.mp4,4
test06.mp4,4
test06.mp4,4
test06.mp4,0
test06.mp4,0
test06.mp4,0
test06.mp4,0
test06.mp4,0
test06.mp4,0
test06.mp4,0
test06.mp4,5
test06.mp4,5
test06.mp4,5
test06.mp4,5
test06.mp4,5
test06.mp4,5
test06.mp4,5
test06.mp4,5
test06.mp4,5
test06.mp4,5
test06.mp4,5
test06.mp4,5
test06.mp4,5
test06.mp4,5
test06.mp4,5
test06.mp4,5
test06.mp4,5
test06.mp4,5
test06.mp4,5
test06.mp4,5
test06.mp4,5
test06.mp4,5
test06.mp4,5
test06.mp4,5
test06.mp4,5
test06.mp4,5
test06.mp4,5
test06.mp4,5
test06.mp4,5
test06.mp4,5
test06.mp4,5
test06.mp4,5
test06.mp4,5
test06.mp4,5
test06.mp4,5
test06.mp4,5
test06.mp4,0
test06.mp4,0
test06.mp4,6
test06.mp4,6
test06.mp4,6
test06.mp4,6
test06.mp4,6
test06.mp4,6
test06.mp4,6
test06.mp4,6
test06.mp4,6
test06.mp4,6
test06.mp4,6
test06.mp4,6
test06.mp4,6
test06.mp4,6
test06.mp4,6
test06.mp4,6
test06.mp4,0
test06.mp4,0
test06.mp4,0
test06.mp4,0
test06.mp4,7
test06.mp4,7
test06.mp4,7
test06.mp4,7
test06.mp4,7
test06.mp4,7
test06.mp4,7
test06.mp4,7
test06.mp4,7
test06.mp4,7
test06.mp4,7
test06.mp4,7
test06.mp4,7
test06.mp4,7
test06.mp4,7
test06.mp4,7
test06.mp4,7
test06.mp4,7
test06.mp4,7
test06.mp4,7
test06.mp4,7
test06.mp4,7
test06.mp4,7
test06.mp4,7
test06.mp4,7
test06.mp4,7
test06.mp4,7
test06.mp4,7
test06.mp4,7
test06.mp4,7
test06.mp4,7
test06.mp4,7
test06.mp4,7
test06.mp4,7
test06.mp4,7
test06.mp4,7
test06.mp4,7
test06.mp4,7
test06.mp4,7
test06.mp4,7
test06.mp4,7
test06.mp4,8
test06.mp4,8
test06.mp4,8
test06.mp4,8
test06.mp4,8
test06.mp4,8
test06.mp4,8
test06.mp4,8
test06.mp4,8
test06.mp4,8
test06.mp4,8
test06.mp4,8
test06.mp4,8
test06.mp4,8
test06.mp4,8
test06.mp4,8
test06.mp4,8
test06.mp4,8
test06.mp4,8
test06.mp4,8
test06.mp4,8
test06.mp4,8
test06.mp4,8
test06.mp4,8
test06.mp4,8
test06.mp4,8
test06.mp4,8
test06.mp4,8
test06.mp4,8
test06.mp4,8
test06.mp4,8
test06.mp4,8
test06.mp4,8
test06.mp4,8
test06.mp4,8
test06.mp4,8
test06.mp4,8
test06.mp4,8
test06.mp4,8
test06.mp4,8
test06.mp4,8
test06.mp4,8
test06.mp4,8
test06.mp4,8
test06.mp4,8
test06.mp4,8
test06.mp4,8
test06.mp4,8
test06.mp4,8
test06.mp4,8
test06.mp4,8
test06.mp4,8
test06.mp4,8
test06.mp4,8
test06.mp4,8
test06.mp4,8
test06.mp4,8
test06.mp4,8
test06.mp4,8
test06.mp4,8
test06.mp4,8
test06.mp4,8
test06.mp4,8
test06.mp4,8
test06.mp4,8
test06.mp4,8
test06.mp4,8
test06.mp4,8
test06.mp4,8
test06.mp4,8
test06.mp4,8
test06.mp4,8
test06.mp4,8
test06.mp4,8
test06.mp4,8
test06.mp4,8
test06.mp4,0
test06.mp4,0
test06.mp4,0
test06.mp4,0
test06.mp4,0
test06.mp4,0
test06.mp4,0
test06.mp4,0
test06.mp4,0
test06.mp4,0
test06.mp4,0
test06.mp4,10
test06.mp4,10
test06.mp4,10
test06.mp4,10
test06.mp4,10
test06.mp4,10
test06.mp4,10
test06.mp4,10
test06.mp4,10
test06.mp4,10
test06.mp4,10
test06.mp4,10
test06.mp4,10
test06.mp4,10
test06.mp4,10
test06.mp4,10
test06.mp4,10
test06.mp4,10
test06.mp4,10
test06.mp4,10
test06.mp4,10
test06.mp4,10
test06.mp4,10
test06.mp4,10
test06.mp4,10
test06.mp4,10
test06.mp4,10
test06.mp4,10
test06.mp4,10
test06.mp4,10
test06.mp4,10
test06.mp4,10
test06.mp4,10
test06.mp4,10
test06.mp4,10
test06.mp4,10
test06.mp4,10
test06.mp4,10
test06.mp4,10
test06.mp4,10
test06.mp4,10
test06.mp4,10
test06.mp4,10
test06.mp4,10
test06.mp4,10
test06.mp4,10
test06.mp4,10
test06.mp4,10
test06.mp4,10
test06.mp4,10
test06.mp4,10
test06.mp4,10
test06.mp4,10
test06.mp4,10
test06.mp4,10
test06.mp4,10
test06.mp4,10
test06.mp4,10
test06.mp4,10
test06.mp4,10
test06.mp4,10
test06.mp4,10
test06.mp4,10
test06.mp4,10
test06.mp4,10
test06.mp4,10
test06.mp4,10
test06.mp4,10
test06.mp4,10
test06.mp4,10
test06.mp4,10
test06.mp4,10
test06.mp4,10
test06.mp4,10
test06.mp4,10
test06.mp4,0
test06.mp4,0
test06.mp4,0
test06.mp4,0
test06.mp4,0
test06.mp4,0
test06.mp4,0
test06.mp4,0
test06.mp4,0
test06.mp4,4
test06.mp4,4
test06.mp4,4
test06.mp4,4
test06.mp4,4
test06.mp4,4
test06.mp4,4
test06.mp4,0
test06.mp4,0
test06.mp4,0
test06.mp4,0
test06.mp4,0
test06.mp4,0
test06.mp4,0
test06.mp4,0
test06.mp4,0
test06.mp4,0
test06.mp4,0
test06.mp4,0
test06.mp4,0
test06.mp4,0
test06.mp4,0
test06.mp4,0
test06.mp4,0
test06.mp4,0
test06.mp4,0
test06.mp4,0
test06.mp4,0
test06.mp4,0
test06.mp4,0
test06.mp4,0
test06.mp4,0
test06.mp4,0
test06.mp4,0
test06.mp4,0
test06.mp4,0
test06.mp4,0
test06.mp4,0
test06.mp4,0
test06.mp4,0
test06.mp4,0
test06.mp4,0
test06.mp4,0
test06.mp4,11
test06.mp4,11
test06.mp4,11
test06.mp4,11
test06.mp4,11
test06.mp4,11
test06.mp4,11
test06.mp4,11
test06.mp4,11
test06.mp4,11
test06.mp4,11
test06.mp4,11
test06.mp4,11
test06.mp4,11
test06.mp4,11
test06.mp4,11
test06.mp4,11
test06.mp4,11
test06.mp4,11
test06.mp4,11
test06.mp4,11
test06.mp4,11
test06.mp4,11
test06.mp4,11
test06.mp4,11
test06.mp4,11
test06.mp4,11
test06.mp4,0
test06.mp4,0
test06.mp4,0
test06.mp4,0
test06.mp4,0
test06.mp4,0
test06.mp4,0
test06.mp4,0
test06.mp4,0
test06.mp4,0
test06.mp4,0
test06.mp4,0
test06.mp4,0
test06.mp4,0
test06.mp4,0
test06.mp4,0
test06.mp4,0
test06.mp4,0
test06.mp4,0
test06.mp4,0
test06.mp4,0
test06.mp4,0
test06.mp4,0
test06.mp4,0
test06.mp4,0
test06.mp4,0
test06.mp4,0
test06.mp4,0
test06.mp4,0
test06.mp4,17
test06.mp4,0
test06.mp4,0
test06.mp4,0
test06.mp4,0
test06.mp4,0
test06.mp4,0
test06.mp4,0
test06.mp4,0
test06.mp4,0
test06.mp4,13
test06.mp4,13
test06.mp4,13
test06.mp4,13
test06.mp4,13
test06.mp4,13
test06.mp4,13
test06.mp4,13
test06.mp4,13
test06.mp4,0
test06.mp4,0
test06.mp4,0
test06.mp4,0
test06.mp4,14
test06.mp4,14
test06.mp4,14
test06.mp4,14
test06.mp4,14
test06.mp4,14
test06.mp4,0
test06.mp4,0
test06.mp4,0
test06.mp4,0
test06.mp4,0
test06.mp4,0
test06.mp4,0
test06.mp4,0
test06.mp4,0
test06.mp4,0
test06.mp4,0
test06.mp4,0
test06.mp4,15
test06.mp4,15
test06.mp4,15
test06.mp4,15
test06.mp4,15
test06.mp4,15
test06.mp4,15
test06.mp4,15
test06.mp4,15
test06.mp4,15
test06.mp4,15
test06.mp4,15
test06.mp4,15
test06.mp4,15
test06.mp4,15
test06.mp4,15
test06.mp4,15
test06.mp4,15
test06.mp4,15
test06.mp4,15
test06.mp4,15
test06.mp4,15
test06.mp4,15
test06.mp4,15
test06.mp4,15
test06.mp4,15
test06.mp4,15
test06.mp4,15
test06.mp4,15
test06.mp4,15
test06.mp4,15
test06.mp4,15
test06.mp4,15
test06.mp4,0
test06.mp4,0
test06.mp4,0
test06.mp4,0
test06.mp4,0
test06.mp4,0
test06.mp4,0
test06.mp4,18
test06.mp4,18
test06.mp4,18
test06.mp4,18
test06.mp4,18
test06.mp4,18
test06.mp4,18
test06.mp4,18
test06.mp4,18
test06.mp4,18
test06.mp4,18
test06.mp4,18
test06.mp4,18
test06.mp4,18
test06.mp4,18
test06.mp4,18
test06.mp4,18
test06.mp4,18
test06.mp4,18
test06.mp4,18
test06.mp4,18
test06.mp4,18
test06.mp4,18
test06.mp4,18
test06.mp4,18
test06.mp4,18
test06.mp4,18
test06.mp4,18
test06.mp4,18
test06.mp4,18
test06.mp4,18
test06.mp4,18
test06.mp4,18
test06.mp4,18
test06.mp4,18
test06.mp4,18
test06.mp4,18
test06.mp4,18
test06.mp4,18
test06.mp4,18
test06.mp4,18
test06.mp4,18
test06.mp4,18
test06.mp4,18
test06.mp4,18
test06.mp4,18
test06.mp4,18
test06.mp4,18
test06.mp4,18
test06.mp4,18
test06.mp4,18
test06.mp4,18
test06.mp4,18
test06.mp4,18
test06.mp4,0
test06.mp4,0
test06.mp4,0
test07.mp4,0
test07.mp4,0
test07.mp4,0
test07.mp4,0
test07.mp4,0
test07.mp4,0
test07.mp4,3
test07.mp4,3
test07.mp4,3
test07.mp4,3
test07.mp4,3
test07.mp4,3
test07.mp4,3
test07.mp4,3
test07.mp4,3
test07.mp4,3
test07.mp4,3
test07.mp4,3
test07.mp4,3
test07.mp4,3
test07.mp4,3
test07.mp4,3
test07.mp4,3
test07.mp4,3
test07.mp4,0
test07.mp4,0
test07.mp4,0
test07.mp4,0
test07.mp4,0
test07.mp4,4
test07.mp4,4
test07.mp4,4
test07.mp4,4
test07.mp4,4
test07.mp4,0
test07.mp4,0
test07.mp4,0
test07.mp4,5
test07.mp4,5
test07.mp4,5
test07.mp4,5
test07.mp4,5
test07.mp4,5
test07.mp4,5
test07.mp4,5
test07.mp4,5
test07.mp4,5
test07.mp4,5
test07.mp4,5
test07.mp4,5
test07.mp4,5
test07.mp4,5
test07.mp4,5
test07.mp4,5
test07.mp4,5
test07.mp4,5
test07.mp4,5
test07.mp4,5
test07.mp4,5
test07.mp4,5
test07.mp4,5
test07.mp4,5
test07.mp4,5
test07.mp4,5
test07.mp4,5
test07.mp4,5
test07.mp4,5
test07.mp4,5
test07.mp4,5
test07.mp4,5
test07.mp4,5
test07.mp4,5
test07.mp4,5
test07.mp4,5
test07.mp4,5
test07.mp4,5
test07.mp4,5
test07.mp4,5
test07.mp4,5
test07.mp4,5
test07.mp4,5
test07.mp4,5
test07.mp4,5
test07.mp4,5
test07.mp4,5
test07.mp4,5
test07.mp4,5
test07.mp4,5
test07.mp4,5
test07.mp4,5
test07.mp4,0
test07.mp4,0
test07.mp4,0
test07.mp4,0
test07.mp4,0
test07.mp4,6
test07.mp4,6
test07.mp4,6
test07.mp4,6
test07.mp4,6
test07.mp4,6
test07.mp4,6
test07.mp4,6
test07.mp4,6
test07.mp4,6
test07.mp4,6
test07.mp4,6
test07.mp4,6
test07.mp4,0
test07.mp4,0
test07.mp4,0
test07.mp4,7
test07.mp4,7
test07.mp4,7
test07.mp4,7
test07.mp4,7
test07.mp4,7
test07.mp4,7
test07.mp4,7
test07.mp4,7
test07.mp4,7
test07.mp4,7
test07.mp4,7
test07.mp4,7
test07.mp4,7
test07.mp4,7
test07.mp4,7
test07.mp4,7
test07.mp4,7
test07.mp4,7
test07.mp4,7
test07.mp4,7
test07.mp4,7
test07.mp4,7
test07.mp4,7
test07.mp4,7
test07.mp4,7
test07.mp4,7
test07.mp4,7
test07.mp4,7
test07.mp4,7
test07.mp4,7
test07.mp4,7
test07.mp4,7
test07.mp4,8
test07.mp4,8
test07.mp4,8
test07.mp4,8
test07.mp4,8
test07.mp4,8
test07.mp4,8
test07.mp4,8
test07.mp4,8
test07.mp4,8
test07.mp4,8
test07.mp4,8
test07.mp4,8
test07.mp4,8
test07.mp4,8
test07.mp4,8
test07.mp4,8
test07.mp4,8
test07.mp4,8
test07.mp4,8
test07.mp4,8
test07.mp4,8
test07.mp4,8
test07.mp4,0
test07.mp4,0
test07.mp4,0
test07.mp4,0
test07.mp4,0
test07.mp4,0
test07.mp4,0
test07.mp4,0
test07.mp4,0
test07.mp4,0
test07.mp4,0
test07.mp4,0
test07.mp4,0
test07.mp4,10
test07.mp4,10
test07.mp4,10
test07.mp4,10
test07.mp4,10
test07.mp4,10
test07.mp4,10
test07.mp4,10
test07.mp4,10
test07.mp4,10
test07.mp4,10
test07.mp4,10
test07.mp4,10
test07.mp4,10
test07.mp4,10
test07.mp4,10
test07.mp4,10
test07.mp4,10
test07.mp4,10
test07.mp4,10
test07.mp4,10
test07.mp4,10
test07.mp4,10
test07.mp4,10
test07.mp4,10
test07.mp4,10
test07.mp4,10
test07.mp4,10
test07.mp4,10
test07.mp4,10
test07.mp4,10
test07.mp4,10
test07.mp4,10
test07.mp4,10
test07.mp4,10
test07.mp4,10
test07.mp4,10
test07.mp4,10
test07.mp4,10
test07.mp4,10
test07.mp4,10
test07.mp4,10
test07.mp4,10
test07.mp4,10
test07.mp4,10
test07.mp4,10
test07.mp4,10
test07.mp4,10
test07.mp4,10
test07.mp4,10
test07.mp4,10
test07.mp4,10
test07.mp4,10
test07.mp4,10
test07.mp4,10
test07.mp4,10
test07.mp4,10
test07.mp4,10
test07.mp4,10
test07.mp4,10
test07.mp4,10
test07.mp4,10
test07.mp4,10
test07.mp4,10
test07.mp4,10
test07.mp4,10
test07.mp4,10
test07.mp4,10
test07.mp4,10
test07.mp4,10
test07.mp4,10
test07.mp4,10
test07.mp4,10
test07.mp4,10
test07.mp4,10
test07.mp4,10
test07.mp4,10
test07.mp4,10
test07.mp4,10
test07.mp4,10
test07.mp4,10
test07.mp4,10
test07.mp4,10
test07.mp4,10
test07.mp4,10
test07.mp4,10
test07.mp4,10
test07.mp4,10
test07.mp4,10
test07.mp4,10
test07.mp4,10
test07.mp4,10
test07.mp4,10
test07.mp4,10
test07.mp4,10
test07.mp4,10
test07.mp4,10
test07.mp4,10
test07.mp4,10
test07.mp4,10
test07.mp4,10
test07.mp4,10
test07.mp4,10
test07.mp4,10
test07.mp4,10
test07.mp4,10
test07.mp4,10
test07.mp4,10
test07.mp4,10
test07.mp4,10
test07.mp4,0
test07.mp4,0
test07.mp4,0
test07.mp4,0
test07.mp4,0
test07.mp4,0
test07.mp4,0
test07.mp4,0
test07.mp4,0
test07.mp4,0
test07.mp4,0
test07.mp4,0
test07.mp4,0
test07.mp4,0
test07.mp4,0
test07.mp4,0
test07.mp4,0
test07.mp4,12
test07.mp4,12
test07.mp4,12
test07.mp4,12
test07.mp4,12
test07.mp4,12
test07.mp4,12
test07.mp4,12
test07.mp4,12
test07.mp4,12
test07.mp4,12
test07.mp4,12
test07.mp4,12
test07.mp4,12
test07.mp4,12
test07.mp4,12
test07.mp4,12
test07.mp4,12
test07.mp4,12
test07.mp4,12
test07.mp4,12
test07.mp4,12
test07.mp4,12
test07.mp4,12
test07.mp4,12
test07.mp4,12
test07.mp4,12
test07.mp4,12
test07.mp4,12
test07.mp4,12
test07.mp4,12
test07.mp4,12
test07.mp4,12
test07.mp4,12
test07.mp4,12
test07.mp4,12
test07.mp4,12
test07.mp4,12
test07.mp4,12
test07.mp4,12
test07.mp4,12
test07.mp4,12
test07.mp4,12
test07.mp4,12
test07.mp4,12
test07.mp4,12
test07.mp4,12
test07.mp4,12
test07.mp4,0
test07.mp4,0
test07.mp4,0
test07.mp4,0
test07.mp4,0
test07.mp4,0
test07.mp4,0
test07.mp4,0
test07.mp4,0
test07.mp4,0
test07.mp4,0
test07.mp4,0
test07.mp4,0
test07.mp4,0
test07.mp4,0
test07.mp4,0
test07.mp4,0
test07.mp4,0
test07.mp4,0
test07.mp4,0
test07.mp4,0
test07.mp4,0
test07.mp4,0
test07.mp4,0
test07.mp4,0
test07.mp4,0
test07.mp4,0
test07.mp4,0
test07.mp4,0
test07.mp4,0
test07.mp4,0
test07.mp4,0
test07.mp4,0
test07.mp4,0
test07.mp4,0
test07.mp4,0
test07.mp4,0
test07.mp4,0
test07.mp4,0
test07.mp4,0
test07.mp4,0
test07.mp4,0
test07.mp4,0
test07.mp4,0
test07.mp4,0
test07.mp4,0
test07.mp4,0
test07.mp4,0
test07.mp4,0
test07.mp4,10
test07.mp4,10
test07.mp4,10
test07.mp4,10
test07.mp4,10
test07.mp4,10
test07.mp4,10
test07.mp4,10
test07.mp4,10
test07.mp4,10
test07.mp4,10
test07.mp4,10
test07.mp4,10
test07.mp4,10
test07.mp4,10
test07.mp4,10
test07.mp4,10
test07.mp4,10
test07.mp4,10
test07.mp4,10
test07.mp4,10
test07.mp4,10
test07.mp4,10
test07.mp4,10
test07.mp4,0
test07.mp4,0
test07.mp4,0
test07.mp4,0
test07.mp4,0
test07.mp4,0
test07.mp4,4
test07.mp4,4
test07.mp4,4
test07.mp4,4
test07.mp4,4
test07.mp4,4
test07.mp4,4
test07.mp4,4
test07.mp4,4
test07.mp4,4
test07.mp4,4
test07.mp4,4
test07.mp4,4
test07.mp4,4
test07.mp4,0
test07.mp4,0
test07.mp4,12
test07.mp4,12
test07.mp4,12
test07.mp4,12
test07.mp4,12
test07.mp4,12
test07.mp4,12
test07.mp4,0
test07.mp4,0
test07.mp4,0
test07.mp4,0
test07.mp4,0
test07.mp4,0
test07.mp4,0
test07.mp4,0
test07.mp4,0
test07.mp4,0
test07.mp4,0
test07.mp4,0
test07.mp4,0
test07.mp4,0
test07.mp4,0
test07.mp4,0
test07.mp4,0
test07.mp4,3
test07.mp4,3
test07.mp4,3
test07.mp4,3
test07.mp4,3
test07.mp4,3
test07.mp4,0
test07.mp4,0
test07.mp4,0
test07.mp4,0
test07.mp4,0
test07.mp4,0
test07.mp4,0
test07.mp4,0
test07.mp4,0
test07.mp4,0
test07.mp4,0
test07.mp4,0
test07.mp4,0
test07.mp4,11
test07.mp4,11
test07.mp4,11
test07.mp4,11
test07.mp4,11
test07.mp4,11
test07.mp4,11
test07.mp4,11
test07.mp4,11
test07.mp4,11
test07.mp4,11
test07.mp4,11
test07.mp4,11
test07.mp4,11
test07.mp4,11
test07.mp4,11
test07.mp4,11
test07.mp4,11
test07.mp4,11
test07.mp4,11
test07.mp4,0
test07.mp4,0
test07.mp4,0
test07.mp4,0
test07.mp4,0
test07.mp4,0
test07.mp4,0
test07.mp4,0
test07.mp4,0
test07.mp4,0
test07.mp4,0
test07.mp4,0
test07.mp4,0
test07.mp4,0
test07.mp4,0
test07.mp4,0
test07.mp4,13
test07.mp4,13
test07.mp4,13
test07.mp4,13
test07.mp4,13
test07.mp4,13
test07.mp4,13
test07.mp4,13
test07.mp4,13
test07.mp4,0
test07.mp4,0
test07.mp4,0
test07.mp4,0
test07.mp4,3
test07.mp4,3
test07.mp4,3
test07.mp4,3
test07.mp4,3
test07.mp4,3
test07.mp4,3
test07.mp4,0
test07.mp4,0
test07.mp4,13
test07.mp4,13
test07.mp4,13
test07.mp4,13
test07.mp4,13
test07.mp4,13
test07.mp4,13
test07.mp4,13
test07.mp4,13
test07.mp4,13
test07.mp4,13
test07.mp4,13
test07.mp4,13
test07.mp4,13
test07.mp4,13
test07.mp4,13
test07.mp4,13
test07.mp4,13
test07.mp4,13
test07.mp4,13
test07.mp4,13
test07.mp4,13
test07.mp4,13
test07.mp4,0
test07.mp4,0
test07.mp4,0
test07.mp4,0
test07.mp4,0
test07.mp4,0
test07.mp4,0
test07.mp4,0
test07.mp4,0
test07.mp4,0
test07.mp4,0
test07.mp4,14
test07.mp4,14
test07.mp4,14
test07.mp4,14
test07.mp4,14
test07.mp4,14
test07.mp4,14
test07.mp4,14
test07.mp4,14
test07.mp4,14
test07.mp4,14
test07.mp4,14
test07.mp4,14
test07.mp4,14
test07.mp4,14
test07.mp4,14
test07.mp4,14
test07.mp4,14
test07.mp4,14
test07.mp4,14
test07.mp4,14
test07.mp4,14
test07.mp4,14
test07.mp4,14
test07.mp4,14
test07.mp4,14
test07.mp4,14
test07.mp4,14
test07.mp4,14
test07.mp4,14
test07.mp4,14
test07.mp4,14
test07.mp4,14
test07.mp4,14
test07.mp4,14
test07.mp4,14
test07.mp4,14
test07.mp4,14
test07.mp4,14
test07.mp4,14
test07.mp4,14
test07.mp4,14
test07.mp4,14
test07.mp4,14
test07.mp4,14
test07.mp4,14
test07.mp4,14
test07.mp4,14
test07.mp4,0
test07.mp4,0
test07.mp4,0
test07.mp4,0
test07.mp4,0
test07.mp4,0
test07.mp4,0
test07.mp4,0
test07.mp4,0
test07.mp4,0
test07.mp4,0
test07.mp4,0
test07.mp4,0
test07.mp4,0
test07.mp4,0
test07.mp4,0
test07.mp4,0
test07.mp4,0
test07.mp4,0
test07.mp4,0
test07.mp4,0
test07.mp4,0
test07.mp4,0
test07.mp4,0
test07.mp4,9
test07.mp4,9
test07.mp4,9
test07.mp4,9
test07.mp4,9
test07.mp4,9
test07.mp4,9
test07.mp4,9
test07.mp4,9
test07.mp4,9
test07.mp4,9
test07.mp4,9
test07.mp4,9
test07.mp4,9
test07.mp4,9
test07.mp4,9
test07.mp4,9
test07.mp4,9
test07.mp4,9
test07.mp4,9
test07.mp4,9
test07.mp4,9
test07.mp4,9
test07.mp4,9
test07.mp4,9
test07.mp4,9
test07.mp4,9
test07.mp4,9
test07.mp4,9
test07.mp4,9
test07.mp4,9
test07.mp4,9
test07.mp4,9
test07.mp4,9
test07.mp4,9
test07.mp4,9
test07.mp4,9
test07.mp4,9
test07.mp4,9
test07.mp4,9
test07.mp4,9
test07.mp4,9
test07.mp4,9
test07.mp4,9
test07.mp4,9
test07.mp4,9
test07.mp4,9
test07.mp4,9
test07.mp4,9
test07.mp4,9
test07.mp4,0
test07.mp4,0
test07.mp4,0
test07.mp4,0
test07.mp4,0
test07.mp4,0
test07.mp4,14
test07.mp4,14
test07.mp4,14
test07.mp4,14
test07.mp4,14
test07.mp4,14
test07.mp4,14
test07.mp4,14
test07.mp4,14
test07.mp4,14
test07.mp4,14
test07.mp4,14
test07.mp4,0
test07.mp4,0
test07.mp4,0
test07.mp4,0
test07.mp4,0
test07.mp4,0
test07.mp4,0
test07.mp4,0
test07.mp4,0
test07.mp4,0
test07.mp4,0
test07.mp4,0
test07.mp4,0
test07.mp4,0
test07.mp4,0
test07.mp4,0
test07.mp4,0
test07.mp4,0
test07.mp4,0
test07.mp4,0
test07.mp4,0
test07.mp4,0
test07.mp4,0
test07.mp4,0
test07.mp4,0
test07.mp4,0
test07.mp4,0
test07.mp4,0
test07.mp4,0
test07.mp4,0
test07.mp4,0
test07.mp4,0
test07.mp4,0
test07.mp4,0
test07.mp4,0
test07.mp4,0
test07.mp4,0
test07.mp4,0
test07.mp4,0
test07.mp4,0
test07.mp4,0
test07.mp4,0
test07.mp4,0
test07.mp4,0
test07.mp4,0
test07.mp4,0
test07.mp4,0
test07.mp4,0
test07.mp4,0
test07.mp4,0
test07.mp4,0
test07.mp4,0
test07.mp4,0
test07.mp4,0
test07.mp4,0
test07.mp4,0
test07.mp4,0
test07.mp4,0
test07.mp4,0
test07.mp4,0
test07.mp4,0
test07.mp4,0
test07.mp4,0
test07.mp4,0
test07.mp4,0
test07.mp4,0
test07.mp4,0
test07.mp4,0
test07.mp4,0
test07.mp4,0
test07.mp4,0
test07.mp4,0
test07.mp4,0
test07.mp4,0
test07.mp4,0
test07.mp4,0
test07.mp4,0
test07.mp4,0
test07.mp4,0
test07.mp4,0
test07.mp4,0
test07.mp4,0
test07.mp4,0
test07.mp4,0
test07.mp4,0
test07.mp4,0
test07.mp4,0
test07.mp4,0
test07.mp4,0
test07.mp4,0
test07.mp4,0
test07.mp4,0
test07.mp4,0
test07.mp4,0
test07.mp4,0
test07.mp4,0
test07.mp4,0
test07.mp4,0
test07.mp4,0
test07.mp4,0
test07.mp4,0
test07.mp4,0
test07.mp4,16
test07.mp4,16
test07.mp4,16
test07.mp4,16
test07.mp4,16
test07.mp4,16
test07.mp4,16
test07.mp4,16
test07.mp4,16
test07.mp4,16
test07.mp4,16
test07.mp4,16
test07.mp4,16
test07.mp4,16
test07.mp4,16
test07.mp4,16
test07.mp4,16
test07.mp4,16
test07.mp4,16
test07.mp4,16
test07.mp4,16
test07.mp4,16
test07.mp4,16
test07.mp4,16
test07.mp4,16
test07.mp4,16
test07.mp4,16
test07.mp4,16
test07.mp4,16
test07.mp4,16
test07.mp4,16
test07.mp4,16
test07.mp4,16
test07.mp4,16
test07.mp4,16
test07.mp4,16
test07.mp4,16
test07.mp4,16
test07.mp4,16
test07.mp4,16
test07.mp4,16
test07.mp4,16
test07.mp4,16
test07.mp4,16
test07.mp4,16
test07.mp4,16
test07.mp4,16
test07.mp4,16
test07.mp4,16
test07.mp4,16
test07.mp4,16
test07.mp4,16
test07.mp4,16
test07.mp4,16
test07.mp4,16
test07.mp4,16
test07.mp4,16
test07.mp4,16
test07.mp4,16
test07.mp4,16
test07.mp4,16
test07.mp4,16
test07.mp4,16
test07.mp4,16
test07.mp4,16
test07.mp4,16
test07.mp4,16
test07.mp4,16
test07.mp4,16
test07.mp4,16
test07.mp4,16
test07.mp4,16
test07.mp4,16
test07.mp4,16
test07.mp4,16
test07.mp4,16
test07.mp4,16
test07.mp4,16
test07.mp4,16
test07.mp4,16
test07.mp4,16
test07.mp4,16
test07.mp4,16
test07.mp4,16
test07.mp4,16
test07.mp4,16
test07.mp4,16
test07.mp4,16
test07.mp4,16
test07.mp4,16
test07.mp4,16
test07.mp4,16
test07.mp4,16
test07.mp4,16
test07.mp4,16
test07.mp4,16
test07.mp4,16
test07.mp4,16
test07.mp4,16
test07.mp4,16
test07.mp4,16
test07.mp4,16
test07.mp4,16
test07.mp4,16
test07.mp4,16
test07.mp4,16
test07.mp4,16
test07.mp4,16
test07.mp4,16
test07.mp4,16
test07.mp4,16
test07.mp4,16
test07.mp4,16
test07.mp4,16
test07.mp4,16
test07.mp4,16
test07.mp4,16
test07.mp4,16
test07.mp4,16
test07.mp4,16
test07.mp4,16
test07.mp4,16
test07.mp4,16
test07.mp4,16
test07.mp4,16
test07.mp4,16
test07.mp4,16
test07.mp4,16
test07.mp4,16
test07.mp4,16
test07.mp4,16
test07.mp4,16
test07.mp4,16
test07.mp4,16
test07.mp4,16
test07.mp4,16
test07.mp4,16
test07.mp4,0
test07.mp4,0
test07.mp4,0
test07.mp4,0
test07.mp4,0
test07.mp4,0
test07.mp4,0
test07.mp4,0
test07.mp4,0
test07.mp4,0
test07.mp4,0
test07.mp4,0
test07.mp4,0
test07.mp4,0
test07.mp4,0
test07.mp4,0
test07.mp4,0
test07.mp4,0
test07.mp4,0
test07.mp4,18
test07.mp4,18
test07.mp4,18
test07.mp4,18
test07.mp4,18
test07.mp4,18
test07.mp4,18
test07.mp4,18
test07.mp4,18
test07.mp4,18
test07.mp4,18
test07.mp4,18
test07.mp4,18
test07.mp4,18
test07.mp4,18
test07.mp4,18
test07.mp4,18
test07.mp4,18
test07.mp4,18
test07.mp4,18
test07.mp4,18
test07.mp4,18
test07.mp4,18
test07.mp4,18
test07.mp4,18
test07.mp4,18
test07.mp4,18
test07.mp4,18
test07.mp4,18
test07.mp4,18
test07.mp4,18
test07.mp4,18
test07.mp4,18
test07.mp4,18
test07.mp4,18
test07.mp4,18
test07.mp4,18
test07.mp4,18
test07.mp4,18
test07.mp4,18
test07.mp4,18
test07.mp4,18
test07.mp4,18
test07.mp4,18
test07.mp4,18
test07.mp4,18
test07.mp4,18
test07.mp4,18
test07.mp4,18
test07.mp4,18
test07.mp4,18
test07.mp4,0
test07.mp4,0
test07.mp4,0
test07.mp4,0
test07.mp4,0
test07.mp4,0
test08.mp4,0
test08.mp4,0
test08.mp4,0
test08.mp4,0
test08.mp4,0
test08.mp4,0
test08.mp4,0
test08.mp4,0
test08.mp4,0
test08.mp4,0
test08.mp4,0
test08.mp4,0
test08.mp4,0
test08.mp4,0
test08.mp4,0
test08.mp4,0
test08.mp4,0
test08.mp4,0
test08.mp4,0
test08.mp4,0
test08.mp4,0
test08.mp4,0
test08.mp4,0
test08.mp4,0
test08.mp4,3
test08.mp4,3
test08.mp4,3
test08.mp4,3
test08.mp4,3
test08.mp4,3
test08.mp4,3
test08.mp4,3
test08.mp4,3
test08.mp4,3
test08.mp4,3
test08.mp4,3
test08.mp4,3
test08.mp4,3
test08.mp4,3
test08.mp4,0
test08.mp4,0
test08.mp4,4
test08.mp4,4
test08.mp4,4
test08.mp4,4
test08.mp4,4
test08.mp4,4
test08.mp4,0
test08.mp4,0
test08.mp4,0
test08.mp4,0
test08.mp4,0
test08.mp4,5
test08.mp4,5
test08.mp4,5
test08.mp4,5
test08.mp4,5
test08.mp4,5
test08.mp4,5
test08.mp4,5
test08.mp4,5
test08.mp4,5
test08.mp4,5
test08.mp4,5
test08.mp4,5
test08.mp4,5
test08.mp4,5
test08.mp4,5
test08.mp4,5
test08.mp4,5
test08.mp4,5
test08.mp4,5
test08.mp4,5
test08.mp4,5
test08.mp4,5
test08.mp4,5
test08.mp4,5
test08.mp4,5
test08.mp4,5
test08.mp4,5
test08.mp4,5
test08.mp4,5
test08.mp4,5
test08.mp4,5
test08.mp4,0
test08.mp4,0
test08.mp4,0
test08.mp4,0
test08.mp4,6
test08.mp4,6
test08.mp4,6
test08.mp4,6
test08.mp4,6
test08.mp4,6
test08.mp4,6
test08.mp4,6
test08.mp4,6
test08.mp4,6
test08.mp4,6
test08.mp4,6
test08.mp4,6
test08.mp4,0
test08.mp4,0
test08.mp4,0
test08.mp4,0
test08.mp4,0
test08.mp4,0
test08.mp4,0
test08.mp4,0
test08.mp4,0
test08.mp4,0
test08.mp4,7
test08.mp4,7
test08.mp4,7
test08.mp4,7
test08.mp4,7
test08.mp4,7
test08.mp4,7
test08.mp4,7
test08.mp4,7
test08.mp4,7
test08.mp4,7
test08.mp4,7
test08.mp4,7
test08.mp4,7
test08.mp4,7
test08.mp4,7
test08.mp4,7
test08.mp4,7
test08.mp4,7
test08.mp4,7
test08.mp4,7
test08.mp4,7
test08.mp4,7
test08.mp4,7
test08.mp4,7
test08.mp4,7
test08.mp4,7
test08.mp4,7
test08.mp4,7
test08.mp4,7
test08.mp4,7
test08.mp4,7
test08.mp4,7
test08.mp4,7
test08.mp4,7
test08.mp4,7
test08.mp4,7
test08.mp4,8
test08.mp4,8
test08.mp4,8
test08.mp4,8
test08.mp4,8
test08.mp4,8
test08.mp4,8
test08.mp4,8
test08.mp4,8
test08.mp4,8
test08.mp4,8
test08.mp4,8
test08.mp4,8
test08.mp4,8
test08.mp4,8
test08.mp4,8
test08.mp4,8
test08.mp4,8
test08.mp4,8
test08.mp4,8
test08.mp4,8
test08.mp4,8
test08.mp4,8
test08.mp4,8
test08.mp4,8
test08.mp4,8
test08.mp4,8
test08.mp4,8
test08.mp4,8
test08.mp4,8
test08.mp4,8
test08.mp4,8
test08.mp4,8
test08.mp4,8
test08.mp4,8
test08.mp4,8
test08.mp4,8
test08.mp4,8
test08.mp4,8
test08.mp4,8
test08.mp4,8
test08.mp4,8
test08.mp4,8
test08.mp4,8
test08.mp4,8
test08.mp4,8
test08.mp4,8
test08.mp4,8
test08.mp4,8
test08.mp4,8
test08.mp4,8
test08.mp4,8
test08.mp4,8
test08.mp4,8
test08.mp4,0
test08.mp4,0
test08.mp4,0
test08.mp4,0
test08.mp4,0
test08.mp4,0
test08.mp4,0
test08.mp4,0
test08.mp4,0
test08.mp4,0
test08.mp4,0
test08.mp4,0
test08.mp4,0
test08.mp4,0
test08.mp4,0
test08.mp4,0
test08.mp4,0
test08.mp4,0
test08.mp4,0
test08.mp4,0
test08.mp4,10
test08.mp4,10
test08.mp4,10
test08.mp4,10
test08.mp4,10
test08.mp4,10
test08.mp4,10
test08.mp4,10
test08.mp4,10
test08.mp4,10
test08.mp4,10
test08.mp4,10
test08.mp4,10
test08.mp4,10
test08.mp4,10
test08.mp4,10
test08.mp4,10
test08.mp4,10
test08.mp4,10
test08.mp4,10
test08.mp4,10
test08.mp4,10
test08.mp4,10
test08.mp4,10
test08.mp4,10
test08.mp4,10
test08.mp4,10
test08.mp4,10
test08.mp4,10
test08.mp4,10
test08.mp4,10
test08.mp4,10
test08.mp4,10
test08.mp4,10
test08.mp4,10
test08.mp4,10
test08.mp4,10
test08.mp4,10
test08.mp4,10
test08.mp4,0
test08.mp4,0
test08.mp4,0
test08.mp4,4
test08.mp4,4
test08.mp4,4
test08.mp4,4
test08.mp4,4
test08.mp4,4
test08.mp4,0
test08.mp4,0
test08.mp4,0
test08.mp4,0
test08.mp4,0
test08.mp4,0
test08.mp4,0
test08.mp4,0
test08.mp4,0
test08.mp4,0
test08.mp4,0
test08.mp4,0
test08.mp4,0
test08.mp4,0
test08.mp4,0
test08.mp4,0
test08.mp4,0
test08.mp4,0
test08.mp4,0
test08.mp4,0
test08.mp4,0
test08.mp4,0
test08.mp4,0
test08.mp4,0
test08.mp4,0
test08.mp4,0
test08.mp4,0
test08.mp4,0
test08.mp4,0
test08.mp4,0
test08.mp4,0
test08.mp4,0
test08.mp4,0
test08.mp4,0
test08.mp4,0
test08.mp4,0
test08.mp4,0
test08.mp4,0
test08.mp4,0
test08.mp4,0
test08.mp4,0
test08.mp4,0
test08.mp4,0
test08.mp4,0
test08.mp4,0
test08.mp4,13
test08.mp4,13
test08.mp4,13
test08.mp4,13
test08.mp4,13
test08.mp4,13
test08.mp4,13
test08.mp4,13
test08.mp4,13
test08.mp4,13
test08.mp4,13
test08.mp4,0
test08.mp4,0
test08.mp4,14
test08.mp4,14
test08.mp4,14
test08.mp4,14
test08.mp4,14
test08.mp4,14
test08.mp4,14
test08.mp4,14
test08.mp4,14
test08.mp4,14
test08.mp4,0
test08.mp4,0
test08.mp4,15
test08.mp4,15
test08.mp4,15
test08.mp4,15
test08.mp4,15
test08.mp4,15
test08.mp4,15
test08.mp4,15
test08.mp4,15
test08.mp4,15
test08.mp4,15
test08.mp4,15
test08.mp4,15
test08.mp4,15
test08.mp4,15
test08.mp4,15
test08.mp4,15
test08.mp4,15
test08.mp4,15
test08.mp4,15
test08.mp4,15
test08.mp4,15
test08.mp4,15
test08.mp4,15
test08.mp4,15
test08.mp4,15
test08.mp4,15
test08.mp4,15
test08.mp4,15
test08.mp4,15
test08.mp4,15
test08.mp4,15
test08.mp4,15
test08.mp4,15
test08.mp4,15
test08.mp4,15
test08.mp4,15
test08.mp4,15
test08.mp4,15
test08.mp4,15
test08.mp4,0
test08.mp4,0
test08.mp4,0
test08.mp4,0
test08.mp4,18
test08.mp4,18
test08.mp4,18
test08.mp4,18
test08.mp4,18
test08.mp4,18
test08.mp4,18
test08.mp4,18
test08.mp4,18
test08.mp4,18
test08.mp4,18
test08.mp4,18
test08.mp4,18
test08.mp4,18
test08.mp4,18
test08.mp4,18
test08.mp4,18
test08.mp4,18
test08.mp4,18
test08.mp4,18
test08.mp4,18
test08.mp4,18
test08.mp4,18
test08.mp4,18
test08.mp4,18
test08.mp4,18
test08.mp4,18
test08.mp4,18
test08.mp4,18
test08.mp4,18
test08.mp4,18
test08.mp4,18
test08.mp4,18
test08.mp4,18
test08.mp4,18
test08.mp4,18
test08.mp4,18
test08.mp4,18
test08.mp4,18
test08.mp4,18
test08.mp4,18
test08.mp4,18
test08.mp4,18
test08.mp4,18
test08.mp4,18
test08.mp4,18
test08.mp4,18
test08.mp4,18
test08.mp4,18
test08.mp4,18
test08.mp4,18
test08.mp4,0
test08.mp4,0
test08.mp4,0
test08.mp4,17
test08.mp4,17
test08.mp4,0
test08.mp4,0
test08.mp4,0
test09.mp4,0
test09.mp4,0
test09.mp4,0
test09.mp4,0
test09.mp4,0
test09.mp4,0
test09.mp4,0
test09.mp4,0
test09.mp4,0
test09.mp4,0
test09.mp4,0
test09.mp4,0
test09.mp4,0
test09.mp4,0
test09.mp4,0
test09.mp4,0
test09.mp4,0
test09.mp4,0
test09.mp4,0
test09.mp4,0
test09.mp4,0
test09.mp4,0
test09.mp4,0
test09.mp4,0
test09.mp4,3
test09.mp4,3
test09.mp4,3
test09.mp4,3
test09.mp4,3
test09.mp4,3
test09.mp4,3
test09.mp4,3
test09.mp4,3
test09.mp4,3
test09.mp4,3
test09.mp4,3
test09.mp4,3
test09.mp4,3
test09.mp4,3
test09.mp4,3
test09.mp4,3
test09.mp4,3
test09.mp4,3
test09.mp4,3
test09.mp4,3
test09.mp4,3
test09.mp4,3
test09.mp4,3
test09.mp4,3
test09.mp4,3
test09.mp4,0
test09.mp4,0
test09.mp4,0
test09.mp4,0
test09.mp4,4
test09.mp4,4
test09.mp4,4
test09.mp4,4
test09.mp4,4
test09.mp4,0
test09.mp4,0
test09.mp4,0
test09.mp4,0
test09.mp4,5
test09.mp4,5
test09.mp4,5
test09.mp4,5
test09.mp4,5
test09.mp4,5
test09.mp4,0
test09.mp4,0
test09.mp4,0
test09.mp4,0
test09.mp4,0
test09.mp4,4
test09.mp4,4
test09.mp4,4
test09.mp4,4
test09.mp4,4
test09.mp4,0
test09.mp4,0
test09.mp4,0
test09.mp4,0
test09.mp4,0
test09.mp4,0
test09.mp4,5
test09.mp4,5
test09.mp4,5
test09.mp4,5
test09.mp4,5
test09.mp4,5
test09.mp4,5
test09.mp4,5
test09.mp4,5
test09.mp4,5
test09.mp4,5
test09.mp4,5
test09.mp4,5
test09.mp4,5
test09.mp4,5
test09.mp4,5
test09.mp4,5
test09.mp4,5
test09.mp4,5
test09.mp4,5
test09.mp4,5
test09.mp4,5
test09.mp4,5
test09.mp4,5
test09.mp4,5
test09.mp4,5
test09.mp4,5
test09.mp4,5
test09.mp4,5
test09.mp4,5
test09.mp4,5
test09.mp4,5
test09.mp4,5
test09.mp4,5
test09.mp4,5
test09.mp4,5
test09.mp4,5
test09.mp4,5
test09.mp4,5
test09.mp4,5
test09.mp4,5
test09.mp4,5
test09.mp4,5
test09.mp4,5
test09.mp4,5
test09.mp4,5
test09.mp4,5
test09.mp4,5
test09.mp4,5
test09.mp4,5
test09.mp4,5
test09.mp4,5
test09.mp4,5
test09.mp4,5
test09.mp4,5
test09.mp4,5
test09.mp4,5
test09.mp4,5
test09.mp4,5
test09.mp4,5
test09.mp4,5
test09.mp4,5
test09.mp4,5
test09.mp4,5
test09.mp4,5
test09.mp4,5
test09.mp4,5
test09.mp4,5
test09.mp4,5
test09.mp4,5
test09.mp4,5
test09.mp4,5
test09.mp4,5
test09.mp4,5
test09.mp4,5
test09.mp4,5
test09.mp4,5
test09.mp4,5
test09.mp4,5
test09.mp4,5
test09.mp4,5
test09.mp4,5
test09.mp4,5
test09.mp4,5
test09.mp4,5
test09.mp4,5
test09.mp4,5
test09.mp4,5
test09.mp4,5
test09.mp4,0
test09.mp4,0
test09.mp4,6
test09.mp4,6
test09.mp4,6
test09.mp4,6
test09.mp4,6
test09.mp4,6
test09.mp4,6
test09.mp4,6
test09.mp4,6
test09.mp4,6
test09.mp4,6
test09.mp4,0
test09.mp4,0
test09.mp4,0
test09.mp4,0
test09.mp4,0
test09.mp4,0
test09.mp4,0
test09.mp4,0
test09.mp4,0
test09.mp4,0
test09.mp4,0
test09.mp4,0
test09.mp4,0
test09.mp4,7
test09.mp4,7
test09.mp4,7
test09.mp4,7
test09.mp4,7
test09.mp4,7
test09.mp4,7
test09.mp4,7
test09.mp4,7
test09.mp4,7
test09.mp4,7
test09.mp4,7
test09.mp4,7
test09.mp4,7
test09.mp4,7
test09.mp4,7
test09.mp4,7
test09.mp4,7
test09.mp4,7
test09.mp4,7
test09.mp4,7
test09.mp4,7
test09.mp4,7
test09.mp4,7
test09.mp4,7
test09.mp4,7
test09.mp4,7
test09.mp4,7
test09.mp4,7
test09.mp4,7
test09.mp4,7
test09.mp4,7
test09.mp4,7
test09.mp4,7
test09.mp4,7
test09.mp4,7
test09.mp4,7
test09.mp4,7
test09.mp4,7
test09.mp4,7
test09.mp4,7
test09.mp4,7
test09.mp4,7
test09.mp4,7
test09.mp4,7
test09.mp4,7
test09.mp4,7
test09.mp4,7
test09.mp4,7
test09.mp4,8
test09.mp4,8
test09.mp4,8
test09.mp4,8
test09.mp4,8
test09.mp4,8
test09.mp4,8
test09.mp4,8
test09.mp4,8
test09.mp4,8
test09.mp4,8
test09.mp4,8
test09.mp4,8
test09.mp4,8
test09.mp4,8
test09.mp4,8
test09.mp4,8
test09.mp4,8
test09.mp4,8
test09.mp4,8
test09.mp4,8
test09.mp4,8
test09.mp4,8
test09.mp4,8
test09.mp4,8
test09.mp4,8
test09.mp4,8
test09.mp4,8
test09.mp4,8
test09.mp4,8
test09.mp4,8
test09.mp4,8
test09.mp4,8
test09.mp4,8
test09.mp4,8
test09.mp4,8
test09.mp4,8
test09.mp4,8
test09.mp4,8
test09.mp4,8
test09.mp4,8
test09.mp4,8
test09.mp4,8
test09.mp4,8
test09.mp4,8
test09.mp4,8
test09.mp4,8
test09.mp4,8
test09.mp4,8
test09.mp4,8
test09.mp4,8
test09.mp4,8
test09.mp4,8
test09.mp4,8
test09.mp4,8
test09.mp4,8
test09.mp4,8
test09.mp4,8
test09.mp4,8
test09.mp4,8
test09.mp4,8
test09.mp4,8
test09.mp4,8
test09.mp4,8
test09.mp4,8
test09.mp4,8
test09.mp4,8
test09.mp4,8
test09.mp4,8
test09.mp4,8
test09.mp4,8
test09.mp4,8
test09.mp4,8
test09.mp4,8
test09.mp4,8
test09.mp4,8
test09.mp4,8
test09.mp4,8
test09.mp4,8
test09.mp4,8
test09.mp4,8
test09.mp4,8
test09.mp4,8
test09.mp4,8
test09.mp4,8
test09.mp4,8
test09.mp4,8
test09.mp4,8
test09.mp4,8
test09.mp4,8
test09.mp4,8
test09.mp4,8
test09.mp4,8
test09.mp4,8
test09.mp4,8
test09.mp4,8
test09.mp4,8
test09.mp4,0
test09.mp4,0
test09.mp4,0
test09.mp4,0
test09.mp4,0
test09.mp4,0
test09.mp4,0
test09.mp4,0
test09.mp4,0
test09.mp4,0
test09.mp4,0
test09.mp4,0
test09.mp4,0
test09.mp4,0
test09.mp4,0
test09.mp4,0
test09.mp4,0
test09.mp4,0
test09.mp4,10
test09.mp4,10
test09.mp4,10
test09.mp4,10
test09.mp4,10
test09.mp4,10
test09.mp4,10
test09.mp4,10
test09.mp4,10
test09.mp4,10
test09.mp4,10
test09.mp4,10
test09.mp4,10
test09.mp4,10
test09.mp4,10
test09.mp4,10
test09.mp4,10
test09.mp4,10
test09.mp4,10
test09.mp4,10
test09.mp4,10
test09.mp4,10
test09.mp4,10
test09.mp4,10
test09.mp4,10
test09.mp4,10
test09.mp4,10
test09.mp4,10
test09.mp4,10
test09.mp4,10
test09.mp4,10
test09.mp4,10
test09.mp4,10
test09.mp4,10
test09.mp4,10
test09.mp4,10
test09.mp4,10
test09.mp4,10
test09.mp4,10
test09.mp4,10
test09.mp4,10
test09.mp4,10
test09.mp4,10
test09.mp4,10
test09.mp4,10
test09.mp4,10
test09.mp4,10
test09.mp4,10
test09.mp4,10
test09.mp4,10
test09.mp4,10
test09.mp4,10
test09.mp4,10
test09.mp4,10
test09.mp4,10
test09.mp4,10
test09.mp4,10
test09.mp4,10
test09.mp4,10
test09.mp4,10
test09.mp4,10
test09.mp4,10
test09.mp4,10
test09.mp4,10
test09.mp4,10
test09.mp4,10
test09.mp4,10
test09.mp4,10
test09.mp4,10
test09.mp4,10
test09.mp4,10
test09.mp4,10
test09.mp4,10
test09.mp4,10
test09.mp4,10
test09.mp4,10
test09.mp4,10
test09.mp4,10
test09.mp4,10
test09.mp4,10
test09.mp4,10
test09.mp4,10
test09.mp4,10
test09.mp4,10
test09.mp4,0
test09.mp4,0
test09.mp4,0
test09.mp4,0
test09.mp4,4
test09.mp4,4
test09.mp4,4
test09.mp4,4
test09.mp4,4
test09.mp4,4
test09.mp4,4
test09.mp4,0
test09.mp4,0
test09.mp4,0
test09.mp4,0
test09.mp4,0
test09.mp4,0
test09.mp4,0
test09.mp4,0
test09.mp4,0
test09.mp4,0
test09.mp4,0
test09.mp4,0
test09.mp4,0
test09.mp4,0
test09.mp4,0
test09.mp4,0
test09.mp4,0
test09.mp4,0
test09.mp4,0
test09.mp4,0
test09.mp4,0
test09.mp4,0
test09.mp4,0
test09.mp4,0
test09.mp4,11
test09.mp4,11
test09.mp4,11
test09.mp4,11
test09.mp4,11
test09.mp4,11
test09.mp4,11
test09.mp4,11
test09.mp4,11
test09.mp4,11
test09.mp4,11
test09.mp4,11
test09.mp4,11
test09.mp4,11
test09.mp4,11
test09.mp4,11
test09.mp4,11
test09.mp4,11
test09.mp4,11
test09.mp4,11
test09.mp4,11
test09.mp4,11
test09.mp4,11
test09.mp4,11
test09.mp4,11
test09.mp4,11
test09.mp4,11
test09.mp4,11
test09.mp4,11
test09.mp4,0
test09.mp4,0
test09.mp4,0
test09.mp4,0
test09.mp4,0
test09.mp4,0
test09.mp4,0
test09.mp4,0
test09.mp4,0
test09.mp4,0
test09.mp4,0
test09.mp4,0
test09.mp4,0
test09.mp4,0
test09.mp4,13
test09.mp4,13
test09.mp4,13
test09.mp4,13
test09.mp4,13
test09.mp4,13
test09.mp4,13
test09.mp4,13
test09.mp4,13
test09.mp4,13
test09.mp4,13
test09.mp4,13
test09.mp4,13
test09.mp4,0
test09.mp4,14
test09.mp4,14
test09.mp4,14
test09.mp4,14
test09.mp4,14
test09.mp4,14
test09.mp4,14
test09.mp4,14
test09.mp4,14
test09.mp4,14
test09.mp4,14
test09.mp4,14
test09.mp4,14
test09.mp4,14
test09.mp4,14
test09.mp4,14
test09.mp4,0
test09.mp4,0
test09.mp4,0
test09.mp4,0
test09.mp4,10
test09.mp4,10
test09.mp4,10
test09.mp4,10
test09.mp4,10
test09.mp4,10
test09.mp4,10
test09.mp4,10
test09.mp4,10
test09.mp4,10
test09.mp4,10
test09.mp4,10
test09.mp4,10
test09.mp4,10
test09.mp4,10
test09.mp4,10
test09.mp4,10
test09.mp4,10
test09.mp4,10
test09.mp4,10
test09.mp4,10
test09.mp4,10
test09.mp4,10
test09.mp4,10
test09.mp4,10
test09.mp4,0
test09.mp4,0
test09.mp4,0
test09.mp4,0
test09.mp4,0
test09.mp4,18
test09.mp4,18
test09.mp4,18
test09.mp4,18
test09.mp4,18
test09.mp4,18
test09.mp4,18
test09.mp4,18
test09.mp4,18
test09.mp4,18
test09.mp4,18
test09.mp4,18
test09.mp4,18
test09.mp4,18
test09.mp4,18
test09.mp4,18
test09.mp4,18
test09.mp4,18
test09.mp4,18
test09.mp4,18
test09.mp4,18
test09.mp4,18
test09.mp4,18
test09.mp4,18
test09.mp4,18
test09.mp4,18
test09.mp4,18
test09.mp4,18
test09.mp4,18
test09.mp4,18
test09.mp4,18
test09.mp4,18
test09.mp4,18
test09.mp4,18
test09.mp4,18
test09.mp4,18
test09.mp4,18
test09.mp4,18
test09.mp4,18
test09.mp4,18
test09.mp4,18
test09.mp4,18
test09.mp4,18
test09.mp4,18
test09.mp4,18
test09.mp4,18
test09.mp4,18
test09.mp4,18
test09.mp4,18
test09.mp4,18
test09.mp4,18
test09.mp4,0
test09.mp4,0
test09.mp4,0
test09.mp4,0
test10.mp4,0
test10.mp4,0
test10.mp4,0
test10.mp4,0
test10.mp4,0
test10.mp4,0
test10.mp4,0
test10.mp4,0
test10.mp4,0
test10.mp4,0
test10.mp4,0
test10.mp4,0
test10.mp4,0
test10.mp4,0
test10.mp4,0
test10.mp4,0
test10.mp4,0
test10.mp4,0
test10.mp4,0
test10.mp4,0
test10.mp4,0
test10.mp4,3
test10.mp4,3
test10.mp4,3
test10.mp4,3
test10.mp4,3
test10.mp4,3
test10.mp4,3
test10.mp4,3
test10.mp4,3
test10.mp4,3
test10.mp4,3
test10.mp4,3
test10.mp4,3
test10.mp4,3
test10.mp4,3
test10.mp4,3
test10.mp4,3
test10.mp4,3
test10.mp4,3
test10.mp4,3
test10.mp4,3
test10.mp4,3
test10.mp4,3
test10.mp4,3
test10.mp4,3
test10.mp4,3
test10.mp4,3
test10.mp4,3
test10.mp4,3
test10.mp4,3
test10.mp4,3
test10.mp4,3
test10.mp4,3
test10.mp4,3
test10.mp4,3
test10.mp4,3
test10.mp4,3
test10.mp4,3
test10.mp4,3
test10.mp4,3
test10.mp4,3
test10.mp4,3
test10.mp4,3
test10.mp4,3
test10.mp4,3
test10.mp4,3
test10.mp4,3
test10.mp4,0
test10.mp4,0
test10.mp4,4
test10.mp4,4
test10.mp4,4
test10.mp4,4
test10.mp4,4
test10.mp4,0
test10.mp4,0
test10.mp4,5
test10.mp4,5
test10.mp4,5
test10.mp4,5
test10.mp4,5
test10.mp4,5
test10.mp4,5
test10.mp4,5
test10.mp4,5
test10.mp4,5
test10.mp4,5
test10.mp4,5
test10.mp4,5
test10.mp4,5
test10.mp4,5
test10.mp4,5
test10.mp4,5
test10.mp4,5
test10.mp4,5
test10.mp4,5
test10.mp4,5
test10.mp4,5
test10.mp4,5
test10.mp4,5
test10.mp4,5
test10.mp4,5
test10.mp4,5
test10.mp4,5
test10.mp4,0
test10.mp4,0
test10.mp4,0
test10.mp4,0
test10.mp4,0
test10.mp4,0
test10.mp4,0
test10.mp4,0
test10.mp4,6
test10.mp4,6
test10.mp4,6
test10.mp4,6
test10.mp4,6
test10.mp4,6
test10.mp4,6
test10.mp4,6
test10.mp4,6
test10.mp4,6
test10.mp4,6
test10.mp4,6
test10.mp4,6
test10.mp4,0
test10.mp4,0
test10.mp4,0
test10.mp4,0
test10.mp4,0
test10.mp4,0
test10.mp4,0
test10.mp4,7
test10.mp4,7
test10.mp4,7
test10.mp4,7
test10.mp4,7
test10.mp4,7
test10.mp4,7
test10.mp4,7
test10.mp4,7
test10.mp4,7
test10.mp4,7
test10.mp4,7
test10.mp4,7
test10.mp4,7
test10.mp4,7
test10.mp4,7
test10.mp4,7
test10.mp4,7
test10.mp4,7
test10.mp4,7
test10.mp4,7
test10.mp4,7
test10.mp4,7
test10.mp4,7
test10.mp4,7
test10.mp4,7
test10.mp4,7
test10.mp4,7
test10.mp4,7
test10.mp4,7
test10.mp4,7
test10.mp4,7
test10.mp4,7
test10.mp4,7
test10.mp4,7
test10.mp4,7
test10.mp4,7
test10.mp4,7
test10.mp4,7
test10.mp4,7
test10.mp4,7
test10.mp4,7
test10.mp4,7
test10.mp4,7
test10.mp4,7
test10.mp4,7
test10.mp4,7
test10.mp4,7
test10.mp4,7
test10.mp4,7
test10.mp4,7
test10.mp4,7
test10.mp4,7
test10.mp4,7
test10.mp4,7
test10.mp4,7
test10.mp4,7
test10.mp4,8
test10.mp4,8
test10.mp4,8
test10.mp4,8
test10.mp4,8
test10.mp4,8
test10.mp4,8
test10.mp4,8
test10.mp4,8
test10.mp4,8
test10.mp4,8
test10.mp4,8
test10.mp4,8
test10.mp4,8
test10.mp4,8
test10.mp4,8
test10.mp4,8
test10.mp4,8
test10.mp4,8
test10.mp4,8
test10.mp4,8
test10.mp4,8
test10.mp4,8
test10.mp4,8
test10.mp4,8
test10.mp4,8
test10.mp4,8
test10.mp4,8
test10.mp4,8
test10.mp4,8
test10.mp4,0
test10.mp4,0
test10.mp4,0
test10.mp4,0
test10.mp4,0
test10.mp4,0
test10.mp4,0
test10.mp4,0
test10.mp4,0
test10.mp4,0
test10.mp4,0
test10.mp4,0
test10.mp4,0
test10.mp4,10
test10.mp4,10
test10.mp4,10
test10.mp4,10
test10.mp4,10
test10.mp4,10
test10.mp4,10
test10.mp4,10
test10.mp4,10
test10.mp4,10
test10.mp4,10
test10.mp4,10
test10.mp4,10
test10.mp4,10
test10.mp4,10
test10.mp4,10
test10.mp4,10
test10.mp4,10
test10.mp4,10
test10.mp4,10
test10.mp4,10
test10.mp4,10
test10.mp4,10
test10.mp4,10
test10.mp4,10
test10.mp4,10
test10.mp4,10
test10.mp4,10
test10.mp4,10
test10.mp4,10
test10.mp4,10
test10.mp4,10
test10.mp4,10
test10.mp4,10
test10.mp4,0
test10.mp4,0
test10.mp4,0
test10.mp4,0
test10.mp4,0
test10.mp4,3
test10.mp4,3
test10.mp4,3
test10.mp4,3
test10.mp4,0
test10.mp4,0
test10.mp4,0
test10.mp4,10
test10.mp4,10
test10.mp4,10
test10.mp4,10
test10.mp4,10
test10.mp4,10
test10.mp4,10
test10.mp4,10
test10.mp4,10
test10.mp4,10
test10.mp4,10
test10.mp4,10
test10.mp4,10
test10.mp4,10
test10.mp4,10
test10.mp4,10
test10.mp4,10
test10.mp4,10
test10.mp4,10
test10.mp4,10
test10.mp4,10
test10.mp4,10
test10.mp4,10
test10.mp4,10
test10.mp4,10
test10.mp4,10
test10.mp4,10
test10.mp4,10
test10.mp4,10
test10.mp4,10
test10.mp4,10
test10.mp4,10
test10.mp4,10
test10.mp4,10
test10.mp4,10
test10.mp4,10
test10.mp4,10
test10.mp4,10
test10.mp4,10
test10.mp4,10
test10.mp4,10
test10.mp4,10
test10.mp4,10
test10.mp4,10
test10.mp4,10
test10.mp4,10
test10.mp4,10
test10.mp4,10
test10.mp4,10
test10.mp4,10
test10.mp4,10
test10.mp4,10
test10.mp4,10
test10.mp4,10
test10.mp4,10
test10.mp4,10
test10.mp4,10
test10.mp4,10
test10.mp4,10
test10.mp4,10
test10.mp4,10
test10.mp4,10
test10.mp4,10
test10.mp4,10
test10.mp4,10
test10.mp4,10
test10.mp4,10
test10.mp4,10
test10.mp4,10
test10.mp4,10
test10.mp4,10
test10.mp4,10
test10.mp4,10
test10.mp4,10
test10.mp4,10
test10.mp4,10
test10.mp4,10
test10.mp4,0
test10.mp4,0
test10.mp4,0
test10.mp4,0
test10.mp4,4
test10.mp4,4
test10.mp4,4
test10.mp4,4
test10.mp4,4
test10.mp4,4
test10.mp4,4
test10.mp4,0
test10.mp4,0
test10.mp4,0
test10.mp4,0
test10.mp4,0
test10.mp4,0
test10.mp4,0
test10.mp4,0
test10.mp4,0
test10.mp4,0
test10.mp4,0
test10.mp4,0
test10.mp4,0
test10.mp4,0
test10.mp4,0
test10.mp4,0
test10.mp4,0
test10.mp4,0
test10.mp4,0
test10.mp4,11
test10.mp4,11
test10.mp4,11
test10.mp4,11
test10.mp4,11
test10.mp4,11
test10.mp4,11
test10.mp4,11
test10.mp4,11
test10.mp4,11
test10.mp4,11
test10.mp4,11
test10.mp4,11
test10.mp4,11
test10.mp4,11
test10.mp4,11
test10.mp4,11
test10.mp4,11
test10.mp4,11
test10.mp4,11
test10.mp4,11
test10.mp4,11
test10.mp4,11
test10.mp4,0
test10.mp4,0
test10.mp4,0
test10.mp4,0
test10.mp4,0
test10.mp4,0
test10.mp4,0
test10.mp4,0
test10.mp4,0
test10.mp4,0
test10.mp4,0
test10.mp4,0
test10.mp4,0
test10.mp4,0
test10.mp4,0
test10.mp4,0
test10.mp4,13
test10.mp4,13
test10.mp4,13
test10.mp4,13
test10.mp4,13
test10.mp4,13
test10.mp4,13
test10.mp4,13
test10.mp4,0
test10.mp4,14
test10.mp4,14
test10.mp4,14
test10.mp4,14
test10.mp4,14
test10.mp4,14
test10.mp4,14
test10.mp4,14
test10.mp4,0
test10.mp4,0
test10.mp4,0
test10.mp4,0
test10.mp4,0
test10.mp4,0
test10.mp4,0
test10.mp4,0
test10.mp4,15
test10.mp4,15
test10.mp4,15
test10.mp4,15
test10.mp4,15
test10.mp4,15
test10.mp4,15
test10.mp4,15
test10.mp4,15
test10.mp4,15
test10.mp4,15
test10.mp4,15
test10.mp4,15
test10.mp4,15
test10.mp4,15
test10.mp4,15
test10.mp4,15
test10.mp4,15
test10.mp4,15
test10.mp4,15
test10.mp4,15
test10.mp4,15
test10.mp4,15
test10.mp4,15
test10.mp4,15
test10.mp4,15
test10.mp4,15
test10.mp4,15
test10.mp4,15
test10.mp4,15
test10.mp4,15
test10.mp4,15
test10.mp4,15
test10.mp4,15
test10.mp4,15
test10.mp4,15
test10.mp4,15
test10.mp4,15
test10.mp4,15
test10.mp4,15
test10.mp4,15
test10.mp4,15
test10.mp4,15
test10.mp4,15
test10.mp4,15
test10.mp4,15
test10.mp4,15
test10.mp4,15
test10.mp4,15
test10.mp4,0
test10.mp4,0
test10.mp4,0
test10.mp4,0
test10.mp4,0
test10.mp4,0
test10.mp4,0
test10.mp4,0
test10.mp4,0
test10.mp4,0
test10.mp4,0
test10.mp4,0
test10.mp4,0
test10.mp4,0
test10.mp4,0
test10.mp4,0
test10.mp4,0
test10.mp4,18
test10.mp4,18
test10.mp4,18
test10.mp4,18
test10.mp4,18
test10.mp4,18
test10.mp4,18
test10.mp4,18
test10.mp4,18
test10.mp4,18
test10.mp4,18
test10.mp4,18
test10.mp4,18
test10.mp4,18
test10.mp4,18
test10.mp4,18
test10.mp4,18
test10.mp4,18
test10.mp4,18
test10.mp4,18
test10.mp4,18
test10.mp4,18
test10.mp4,18
test10.mp4,18
test10.mp4,18
test10.mp4,18
test10.mp4,18
test10.mp4,18
test10.mp4,18
test10.mp4,18
test10.mp4,18
test10.mp4,18
test10.mp4,18
test10.mp4,18
test10.mp4,18
test10.mp4,18
test10.mp4,18
test10.mp4,18
test10.mp4,18
test10.mp4,18
test10.mp4,18
test10.mp4,18
test10.mp4,18
test10.mp4,18
test10.mp4,18
test10.mp4,18
test10.mp4,18
test10.mp4,18
test10.mp4,18
test10.mp4,0
test10.mp4,0
test10.mp4,0
test11.mp4,0
test11.mp4,0
test11.mp4,0
test11.mp4,0
test11.mp4,0
test11.mp4,0
test11.mp4,0
test11.mp4,0
test11.mp4,3
test11.mp4,3
test11.mp4,3
test11.mp4,3
test11.mp4,3
test11.mp4,3
test11.mp4,3
test11.mp4,3
test11.mp4,3
test11.mp4,3
test11.mp4,3
test11.mp4,3
test11.mp4,3
test11.mp4,3
test11.mp4,3
test11.mp4,3
test11.mp4,3
test11.mp4,3
test11.mp4,3
test11.mp4,3
test11.mp4,3
test11.mp4,3
test11.mp4,3
test11.mp4,3
test11.mp4,3
test11.mp4,3
test11.mp4,0
test11.mp4,0
test11.mp4,4
test11.mp4,4
test11.mp4,4
test11.mp4,4
test11.mp4,4
test11.mp4,4
test11.mp4,4
test11.mp4,4
test11.mp4,4
test11.mp4,4
test11.mp4,4
test11.mp4,4
test11.mp4,0
test11.mp4,0
test11.mp4,0
test11.mp4,5
test11.mp4,5
test11.mp4,5
test11.mp4,5
test11.mp4,5
test11.mp4,5
test11.mp4,5
test11.mp4,5
test11.mp4,5
test11.mp4,5
test11.mp4,5
test11.mp4,5
test11.mp4,5
test11.mp4,5
test11.mp4,5
test11.mp4,5
test11.mp4,5
test11.mp4,5
test11.mp4,5
test11.mp4,5
test11.mp4,5
test11.mp4,5
test11.mp4,5
test11.mp4,5
test11.mp4,0
test11.mp4,0
test11.mp4,0
test11.mp4,6
test11.mp4,6
test11.mp4,6
test11.mp4,6
test11.mp4,6
test11.mp4,6
test11.mp4,6
test11.mp4,6
test11.mp4,6
test11.mp4,6
test11.mp4,6
test11.mp4,6
test11.mp4,6
test11.mp4,6
test11.mp4,6
test11.mp4,0
test11.mp4,0
test11.mp4,0
test11.mp4,0
test11.mp4,0
test11.mp4,0
test11.mp4,0
test11.mp4,0
test11.mp4,0
test11.mp4,0
test11.mp4,0
test11.mp4,7
test11.mp4,7
test11.mp4,7
test11.mp4,7
test11.mp4,7
test11.mp4,7
test11.mp4,7
test11.mp4,7
test11.mp4,7
test11.mp4,0
test11.mp4,0
test11.mp4,0
test11.mp4,0
test11.mp4,3
test11.mp4,3
test11.mp4,3
test11.mp4,3
test11.mp4,3
test11.mp4,0
test11.mp4,7
test11.mp4,7
test11.mp4,7
test11.mp4,7
test11.mp4,7
test11.mp4,7
test11.mp4,7
test11.mp4,7
test11.mp4,7
test11.mp4,7
test11.mp4,7
test11.mp4,7
test11.mp4,7
test11.mp4,7
test11.mp4,7
test11.mp4,7
test11.mp4,7
test11.mp4,7
test11.mp4,7
test11.mp4,7
test11.mp4,0
test11.mp4,0
test11.mp4,0
test11.mp4,0
test11.mp4,3
test11.mp4,3
test11.mp4,3
test11.mp4,3
test11.mp4,3
test11.mp4,0
test11.mp4,7
test11.mp4,7
test11.mp4,7
test11.mp4,7
test11.mp4,7
test11.mp4,7
test11.mp4,7
test11.mp4,7
test11.mp4,7
test11.mp4,7
test11.mp4,7
test11.mp4,7
test11.mp4,7
test11.mp4,7
test11.mp4,7
test11.mp4,7
test11.mp4,7
test11.mp4,7
test11.mp4,7
test11.mp4,7
test11.mp4,7
test11.mp4,7
test11.mp4,7
test11.mp4,7
test11.mp4,7
test11.mp4,8
test11.mp4,8
test11.mp4,8
test11.mp4,8
test11.mp4,8
test11.mp4,8
test11.mp4,8
test11.mp4,8
test11.mp4,8
test11.mp4,8
test11.mp4,8
test11.mp4,8
test11.mp4,8
test11.mp4,8
test11.mp4,8
test11.mp4,8
test11.mp4,8
test11.mp4,8
test11.mp4,8
test11.mp4,8
test11.mp4,8
test11.mp4,8
test11.mp4,8
test11.mp4,8
test11.mp4,8
test11.mp4,8
test11.mp4,8
test11.mp4,8
test11.mp4,8
test11.mp4,8
test11.mp4,8
test11.mp4,8
test11.mp4,8
test11.mp4,0
test11.mp4,0
test11.mp4,0
test11.mp4,0
test11.mp4,0
test11.mp4,0
test11.mp4,0
test11.mp4,0
test11.mp4,0
test11.mp4,0
test11.mp4,0
test11.mp4,0
test11.mp4,0
test11.mp4,0
test11.mp4,0
test11.mp4,0
test11.mp4,0
test11.mp4,0
test11.mp4,0
test11.mp4,10
test11.mp4,10
test11.mp4,10
test11.mp4,10
test11.mp4,10
test11.mp4,10
test11.mp4,10
test11.mp4,10
test11.mp4,10
test11.mp4,10
test11.mp4,10
test11.mp4,10
test11.mp4,10
test11.mp4,10
test11.mp4,10
test11.mp4,10
test11.mp4,10
test11.mp4,10
test11.mp4,10
test11.mp4,10
test11.mp4,10
test11.mp4,10
test11.mp4,10
test11.mp4,10
test11.mp4,10
test11.mp4,10
test11.mp4,10
test11.mp4,10
test11.mp4,10
test11.mp4,10
test11.mp4,10
test11.mp4,10
test11.mp4,10
test11.mp4,10
test11.mp4,10
test11.mp4,10
test11.mp4,10
test11.mp4,10
test11.mp4,10
test11.mp4,10
test11.mp4,10
test11.mp4,10
test11.mp4,10
test11.mp4,10
test11.mp4,10
test11.mp4,10
test11.mp4,10
test11.mp4,10
test11.mp4,10
test11.mp4,10
test11.mp4,10
test11.mp4,10
test11.mp4,10
test11.mp4,10
test11.mp4,10
test11.mp4,10
test11.mp4,10
test11.mp4,10
test11.mp4,10
test11.mp4,10
test11.mp4,10
test11.mp4,10
test11.mp4,10
test11.mp4,10
test11.mp4,10
test11.mp4,10
test11.mp4,10
test11.mp4,10
test11.mp4,10
test11.mp4,10
test11.mp4,10
test11.mp4,10
test11.mp4,10
test11.mp4,10
test11.mp4,10
test11.mp4,10
test11.mp4,10
test11.mp4,10
test11.mp4,10
test11.mp4,10
test11.mp4,10
test11.mp4,10
test11.mp4,10
test11.mp4,10
test11.mp4,10
test11.mp4,10
test11.mp4,10
test11.mp4,10
test11.mp4,10
test11.mp4,10
test11.mp4,10
test11.mp4,10
test11.mp4,10
test11.mp4,10
test11.mp4,10
test11.mp4,10
test11.mp4,0
test11.mp4,0
test11.mp4,0
test11.mp4,0
test11.mp4,0
test11.mp4,4
test11.mp4,4
test11.mp4,4
test11.mp4,4
test11.mp4,4
test11.mp4,4
test11.mp4,0
test11.mp4,0
test11.mp4,0
test11.mp4,0
test11.mp4,0
test11.mp4,0
test11.mp4,0
test11.mp4,0
test11.mp4,0
test11.mp4,0
test11.mp4,0
test11.mp4,0
test11.mp4,0
test11.mp4,0
test11.mp4,11
test11.mp4,11
test11.mp4,11
test11.mp4,11
test11.mp4,11
test11.mp4,11
test11.mp4,11
test11.mp4,11
test11.mp4,11
test11.mp4,11
test11.mp4,11
test11.mp4,11
test11.mp4,11
test11.mp4,11
test11.mp4,11
test11.mp4,11
test11.mp4,11
test11.mp4,11
test11.mp4,11
test11.mp4,11
test11.mp4,11
test11.mp4,11
test11.mp4,11
test11.mp4,11
test11.mp4,11
test11.mp4,11
test11.mp4,0
test11.mp4,0
test11.mp4,0
test11.mp4,0
test11.mp4,0
test11.mp4,0
test11.mp4,0
test11.mp4,0
test11.mp4,0
test11.mp4,0
test11.mp4,0
test11.mp4,0
test11.mp4,0
test11.mp4,0
test11.mp4,0
test11.mp4,0
test11.mp4,0
test11.mp4,13
test11.mp4,13
test11.mp4,13
test11.mp4,13
test11.mp4,13
test11.mp4,13
test11.mp4,13
test11.mp4,13
test11.mp4,13
test11.mp4,0
test11.mp4,0
test11.mp4,0
test11.mp4,0
test11.mp4,0
test11.mp4,0
test11.mp4,0
test11.mp4,14
test11.mp4,14
test11.mp4,14
test11.mp4,14
test11.mp4,14
test11.mp4,14
test11.mp4,0
test11.mp4,0
test11.mp4,0
test11.mp4,15
test11.mp4,15
test11.mp4,15
test11.mp4,15
test11.mp4,15
test11.mp4,15
test11.mp4,15
test11.mp4,15
test11.mp4,15
test11.mp4,15
test11.mp4,15
test11.mp4,15
test11.mp4,15
test11.mp4,15
test11.mp4,15
test11.mp4,15
test11.mp4,15
test11.mp4,15
test11.mp4,15
test11.mp4,15
test11.mp4,15
test11.mp4,15
test11.mp4,15
test11.mp4,15
test11.mp4,15
test11.mp4,15
test11.mp4,15
test11.mp4,15
test11.mp4,0
test11.mp4,0
test11.mp4,0
test11.mp4,0
test11.mp4,0
test11.mp4,0
test11.mp4,0
test11.mp4,0
test11.mp4,0
test11.mp4,0
test11.mp4,0
test11.mp4,0
test11.mp4,0
test11.mp4,0
test11.mp4,0
test11.mp4,18
test11.mp4,18
test11.mp4,18
test11.mp4,18
test11.mp4,18
test11.mp4,18
test11.mp4,18
test11.mp4,18
test11.mp4,18
test11.mp4,18
test11.mp4,18
test11.mp4,18
test11.mp4,18
test11.mp4,18
test11.mp4,18
test11.mp4,18
test11.mp4,18
test11.mp4,18
test11.mp4,18
test11.mp4,18
test11.mp4,18
test11.mp4,18
test11.mp4,18
test11.mp4,18
test11.mp4,18
test11.mp4,18
test11.mp4,18
test11.mp4,18
test11.mp4,18
test11.mp4,18
test11.mp4,18
test11.mp4,18
test11.mp4,18
test11.mp4,18
test11.mp4,18
test11.mp4,18
test11.mp4,18
test11.mp4,18
test11.mp4,18
test11.mp4,18
test11.mp4,18
test11.mp4,18
test11.mp4,18
test11.mp4,18
test11.mp4,18
test11.mp4,18
test11.mp4,18
test11.mp4,18
test11.mp4,18
test11.mp4,0
test11.mp4,0
test11.mp4,0
test12.mp4,0
test12.mp4,0
test12.mp4,0
test12.mp4,0
test12.mp4,0
test12.mp4,0
test12.mp4,0
test12.mp4,3
test12.mp4,3
test12.mp4,3
test12.mp4,3
test12.mp4,3
test12.mp4,3
test12.mp4,3
test12.mp4,3
test12.mp4,3
test12.mp4,3
test12.mp4,3
test12.mp4,3
test12.mp4,3
test12.mp4,0
test12.mp4,0
test12.mp4,4
test12.mp4,4
test12.mp4,4
test12.mp4,4
test12.mp4,4
test12.mp4,4
test12.mp4,0
test12.mp4,0
test12.mp4,0
test12.mp4,5
test12.mp4,5
test12.mp4,5
test12.mp4,5
test12.mp4,5
test12.mp4,5
test12.mp4,5
test12.mp4,5
test12.mp4,5
test12.mp4,5
test12.mp4,5
test12.mp4,5
test12.mp4,5
test12.mp4,5
test12.mp4,5
test12.mp4,5
test12.mp4,5
test12.mp4,5
test12.mp4,5
test12.mp4,0
test12.mp4,0
test12.mp4,0
test12.mp4,0
test12.mp4,6
test12.mp4,6
test12.mp4,6
test12.mp4,6
test12.mp4,6
test12.mp4,6
test12.mp4,6
test12.mp4,6
test12.mp4,6
test12.mp4,6
test12.mp4,6
test12.mp4,0
test12.mp4,0
test12.mp4,0
test12.mp4,0
test12.mp4,0
test12.mp4,0
test12.mp4,0
test12.mp4,0
test12.mp4,0
test12.mp4,0
test12.mp4,0
test12.mp4,0
test12.mp4,0
test12.mp4,0
test12.mp4,0
test12.mp4,0
test12.mp4,7
test12.mp4,7
test12.mp4,7
test12.mp4,7
test12.mp4,7
test12.mp4,7
test12.mp4,7
test12.mp4,7
test12.mp4,7
test12.mp4,7
test12.mp4,7
test12.mp4,7
test12.mp4,7
test12.mp4,7
test12.mp4,7
test12.mp4,7
test12.mp4,7
test12.mp4,7
test12.mp4,7
test12.mp4,7
test12.mp4,7
test12.mp4,7
test12.mp4,7
test12.mp4,7
test12.mp4,7
test12.mp4,7
test12.mp4,7
test12.mp4,7
test12.mp4,7
test12.mp4,8
test12.mp4,8
test12.mp4,8
test12.mp4,8
test12.mp4,8
test12.mp4,8
test12.mp4,8
test12.mp4,8
test12.mp4,8
test12.mp4,8
test12.mp4,8
test12.mp4,8
test12.mp4,8
test12.mp4,8
test12.mp4,8
test12.mp4,8
test12.mp4,8
test12.mp4,8
test12.mp4,8
test12.mp4,8
test12.mp4,8
test12.mp4,8
test12.mp4,8
test12.mp4,8
test12.mp4,8
test12.mp4,8
test12.mp4,8
test12.mp4,8
test12.mp4,8
test12.mp4,8
test12.mp4,8
test12.mp4,8
test12.mp4,8
test12.mp4,8
test12.mp4,8
test12.mp4,8
test12.mp4,8
test12.mp4,8
test12.mp4,8
test12.mp4,8
test12.mp4,8
test12.mp4,8
test12.mp4,8
test12.mp4,8
test12.mp4,8
test12.mp4,8
test12.mp4,8
test12.mp4,8
test12.mp4,8
test12.mp4,8
test12.mp4,8
test12.mp4,8
test12.mp4,8
test12.mp4,8
test12.mp4,8
test12.mp4,8
test12.mp4,8
test12.mp4,8
test12.mp4,8
test12.mp4,8
test12.mp4,8
test12.mp4,8
test12.mp4,8
test12.mp4,8
test12.mp4,8
test12.mp4,8
test12.mp4,0
test12.mp4,0
test12.mp4,0
test12.mp4,0
test12.mp4,0
test12.mp4,0
test12.mp4,0
test12.mp4,0
test12.mp4,0
test12.mp4,0
test12.mp4,0
test12.mp4,0
test12.mp4,0
test12.mp4,0
test12.mp4,0
test12.mp4,0
test12.mp4,0
test12.mp4,0
test12.mp4,0
test12.mp4,0
test12.mp4,0
test12.mp4,0
test12.mp4,0
test12.mp4,0
test12.mp4,10
test12.mp4,10
test12.mp4,10
test12.mp4,10
test12.mp4,10
test12.mp4,10
test12.mp4,10
test12.mp4,10
test12.mp4,10
test12.mp4,10
test12.mp4,10
test12.mp4,10
test12.mp4,10
test12.mp4,10
test12.mp4,10
test12.mp4,10
test12.mp4,10
test12.mp4,10
test12.mp4,10
test12.mp4,10
test12.mp4,10
test12.mp4,10
test12.mp4,10
test12.mp4,10
test12.mp4,10
test12.mp4,10
test12.mp4,10
test12.mp4,10
test12.mp4,10
test12.mp4,10
test12.mp4,10
test12.mp4,10
test12.mp4,0
test12.mp4,0
test12.mp4,0
test12.mp4,4
test12.mp4,4
test12.mp4,4
test12.mp4,4
test12.mp4,4
test12.mp4,0
test12.mp4,0
test12.mp4,0
test12.mp4,0
test12.mp4,0
test12.mp4,0
test12.mp4,0
test12.mp4,0
test12.mp4,0
test12.mp4,0
test12.mp4,0
test12.mp4,11
test12.mp4,11
test12.mp4,11
test12.mp4,11
test12.mp4,11
test12.mp4,11
test12.mp4,11
test12.mp4,11
test12.mp4,11
test12.mp4,11
test12.mp4,11
test12.mp4,11
test12.mp4,11
test12.mp4,11
test12.mp4,11
test12.mp4,11
test12.mp4,11
test12.mp4,11
test12.mp4,0
test12.mp4,0
test12.mp4,0
test12.mp4,0
test12.mp4,0
test12.mp4,0
test12.mp4,0
test12.mp4,0
test12.mp4,0
test12.mp4,0
test12.mp4,0
test12.mp4,0
test12.mp4,0
test12.mp4,0
test12.mp4,13
test12.mp4,13
test12.mp4,13
test12.mp4,13
test12.mp4,13
test12.mp4,13
test12.mp4,13
test12.mp4,13
test12.mp4,13
test12.mp4,13
test12.mp4,13
test12.mp4,13
test12.mp4,13
test12.mp4,0
test12.mp4,0
test12.mp4,14
test12.mp4,14
test12.mp4,14
test12.mp4,14
test12.mp4,14
test12.mp4,14
test12.mp4,14
test12.mp4,14
test12.mp4,14
test12.mp4,14
test12.mp4,0
test12.mp4,0
test12.mp4,15
test12.mp4,15
test12.mp4,15
test12.mp4,15
test12.mp4,15
test12.mp4,15
test12.mp4,15
test12.mp4,15
test12.mp4,15
test12.mp4,15
test12.mp4,15
test12.mp4,15
test12.mp4,15
test12.mp4,15
test12.mp4,15
test12.mp4,15
test12.mp4,15
test12.mp4,15
test12.mp4,15
test12.mp4,15
test12.mp4,15
test12.mp4,15
test12.mp4,15
test12.mp4,15
test12.mp4,15
test12.mp4,15
test12.mp4,15
test12.mp4,15
test12.mp4,15
test12.mp4,15
test12.mp4,15
test12.mp4,15
test12.mp4,15
test12.mp4,15
test12.mp4,15
test12.mp4,15
test12.mp4,15
test12.mp4,15
test12.mp4,15
test12.mp4,15
test12.mp4,15
test12.mp4,15
test12.mp4,0
test12.mp4,0
test12.mp4,0
test12.mp4,0
test12.mp4,18
test12.mp4,18
test12.mp4,18
test12.mp4,18
test12.mp4,18
test12.mp4,18
test12.mp4,18
test12.mp4,18
test12.mp4,18
test12.mp4,18
test12.mp4,18
test12.mp4,18
test12.mp4,18
test12.mp4,18
test12.mp4,18
test12.mp4,18
test12.mp4,18
test12.mp4,18
test12.mp4,18
test12.mp4,18
test12.mp4,18
test12.mp4,18
test12.mp4,18
test12.mp4,18
test12.mp4,18
test12.mp4,18
test12.mp4,18
test12.mp4,18
test12.mp4,18
test12.mp4,18
test12.mp4,18
test12.mp4,0
test12.mp4,0
test12.mp4,0
test12.mp4,0
test13.mp4,0
test13.mp4,0
test13.mp4,0
test13.mp4,0
test13.mp4,0
test13.mp4,0
test13.mp4,0
test13.mp4,0
test13.mp4,1
test13.mp4,1
test13.mp4,1
test13.mp4,1
test13.mp4,1
test13.mp4,1
test13.mp4,1
test13.mp4,1
test13.mp4,0
test13.mp4,0
test13.mp4,0
test13.mp4,0
test13.mp4,0
test13.mp4,0
test13.mp4,0
test13.mp4,0
test13.mp4,0
test13.mp4,0
test13.mp4,3
test13.mp4,3
test13.mp4,3
test13.mp4,3
test13.mp4,3
test13.mp4,3
test13.mp4,3
test13.mp4,3
test13.mp4,3
test13.mp4,3
test13.mp4,3
test13.mp4,3
test13.mp4,3
test13.mp4,3
test13.mp4,3
test13.mp4,3
test13.mp4,3
test13.mp4,3
test13.mp4,3
test13.mp4,3
test13.mp4,0
test13.mp4,0
test13.mp4,4
test13.mp4,4
test13.mp4,4
test13.mp4,4
test13.mp4,4
test13.mp4,4
test13.mp4,0
test13.mp4,0
test13.mp4,0
test13.mp4,5
test13.mp4,5
test13.mp4,5
test13.mp4,5
test13.mp4,5
test13.mp4,5
test13.mp4,5
test13.mp4,5
test13.mp4,5
test13.mp4,5
test13.mp4,5
test13.mp4,5
test13.mp4,5
test13.mp4,5
test13.mp4,5
test13.mp4,5
test13.mp4,5
test13.mp4,5
test13.mp4,5
test13.mp4,5
test13.mp4,5
test13.mp4,5
test13.mp4,5
test13.mp4,5
test13.mp4,5
test13.mp4,5
test13.mp4,5
test13.mp4,5
test13.mp4,5
test13.mp4,5
test13.mp4,5
test13.mp4,5
test13.mp4,5
test13.mp4,0
test13.mp4,0
test13.mp4,0
test13.mp4,0
test13.mp4,0
test13.mp4,0
test13.mp4,0
test13.mp4,6
test13.mp4,6
test13.mp4,6
test13.mp4,6
test13.mp4,6
test13.mp4,6
test13.mp4,6
test13.mp4,6
test13.mp4,6
test13.mp4,6
test13.mp4,6
test13.mp4,6
test13.mp4,6
test13.mp4,0
test13.mp4,0
test13.mp4,0
test13.mp4,0
test13.mp4,0
test13.mp4,0
test13.mp4,7
test13.mp4,7
test13.mp4,7
test13.mp4,7
test13.mp4,7
test13.mp4,7
test13.mp4,7
test13.mp4,7
test13.mp4,7
test13.mp4,7
test13.mp4,7
test13.mp4,7
test13.mp4,7
test13.mp4,7
test13.mp4,7
test13.mp4,7
test13.mp4,7
test13.mp4,7
test13.mp4,7
test13.mp4,7
test13.mp4,7
test13.mp4,7
test13.mp4,7
test13.mp4,7
test13.mp4,7
test13.mp4,7
test13.mp4,7
test13.mp4,7
test13.mp4,7
test13.mp4,7
test13.mp4,7
test13.mp4,7
test13.mp4,7
test13.mp4,7
test13.mp4,7
test13.mp4,7
test13.mp4,7
test13.mp4,7
test13.mp4,7
test13.mp4,7
test13.mp4,7
test13.mp4,7
test13.mp4,7
test13.mp4,7
test13.mp4,7
test13.mp4,7
test13.mp4,8
test13.mp4,8
test13.mp4,8
test13.mp4,8
test13.mp4,8
test13.mp4,8
test13.mp4,8
test13.mp4,8
test13.mp4,8
test13.mp4,8
test13.mp4,8
test13.mp4,8
test13.mp4,8
test13.mp4,8
test13.mp4,8
test13.mp4,8
test13.mp4,8
test13.mp4,8
test13.mp4,8
test13.mp4,8
test13.mp4,8
test13.mp4,8
test13.mp4,8
test13.mp4,8
test13.mp4,8
test13.mp4,8
test13.mp4,8
test13.mp4,8
test13.mp4,8
test13.mp4,8
test13.mp4,8
test13.mp4,8
test13.mp4,8
test13.mp4,8
test13.mp4,8
test13.mp4,8
test13.mp4,8
test13.mp4,8
test13.mp4,8
test13.mp4,8
test13.mp4,8
test13.mp4,8
test13.mp4,8
test13.mp4,8
test13.mp4,8
test13.mp4,8
test13.mp4,8
test13.mp4,8
test13.mp4,8
test13.mp4,8
test13.mp4,8
test13.mp4,8
test13.mp4,8
test13.mp4,0
test13.mp4,0
test13.mp4,0
test13.mp4,0
test13.mp4,0
test13.mp4,0
test13.mp4,0
test13.mp4,0
test13.mp4,0
test13.mp4,0
test13.mp4,0
test13.mp4,0
test13.mp4,10
test13.mp4,10
test13.mp4,10
test13.mp4,10
test13.mp4,10
test13.mp4,10
test13.mp4,10
test13.mp4,10
test13.mp4,10
test13.mp4,10
test13.mp4,10
test13.mp4,10
test13.mp4,10
test13.mp4,10
test13.mp4,10
test13.mp4,10
test13.mp4,10
test13.mp4,10
test13.mp4,10
test13.mp4,10
test13.mp4,10
test13.mp4,10
test13.mp4,10
test13.mp4,10
test13.mp4,10
test13.mp4,10
test13.mp4,10
test13.mp4,10
test13.mp4,10
test13.mp4,10
test13.mp4,10
test13.mp4,10
test13.mp4,10
test13.mp4,10
test13.mp4,10
test13.mp4,10
test13.mp4,10
test13.mp4,10
test13.mp4,10
test13.mp4,10
test13.mp4,10
test13.mp4,10
test13.mp4,10
test13.mp4,10
test13.mp4,10
test13.mp4,10
test13.mp4,10
test13.mp4,10
test13.mp4,10
test13.mp4,10
test13.mp4,10
test13.mp4,10
test13.mp4,10
test13.mp4,10
test13.mp4,10
test13.mp4,10
test13.mp4,10
test13.mp4,10
test13.mp4,10
test13.mp4,10
test13.mp4,10
test13.mp4,10
test13.mp4,10
test13.mp4,10
test13.mp4,10
test13.mp4,10
test13.mp4,10
test13.mp4,10
test13.mp4,10
test13.mp4,10
test13.mp4,10
test13.mp4,10
test13.mp4,10
test13.mp4,10
test13.mp4,10
test13.mp4,0
test13.mp4,0
test13.mp4,0
test13.mp4,0
test13.mp4,0
test13.mp4,0
test13.mp4,4
test13.mp4,4
test13.mp4,4
test13.mp4,4
test13.mp4,4
test13.mp4,4
test13.mp4,0
test13.mp4,0
test13.mp4,0
test13.mp4,0
test13.mp4,0
test13.mp4,0
test13.mp4,0
test13.mp4,0
test13.mp4,0
test13.mp4,0
test13.mp4,0
test13.mp4,0
test13.mp4,0
test13.mp4,0
test13.mp4,0
test13.mp4,0
test13.mp4,0
test13.mp4,0
test13.mp4,0
test13.mp4,0
test13.mp4,0
test13.mp4,0
test13.mp4,0
test13.mp4,0
test13.mp4,0
test13.mp4,0
test13.mp4,0
test13.mp4,0
test13.mp4,0
test13.mp4,0
test13.mp4,0
test13.mp4,0
test13.mp4,0
test13.mp4,0
test13.mp4,0
test13.mp4,0
test13.mp4,0
test13.mp4,0
test13.mp4,0
test13.mp4,0
test13.mp4,0
test13.mp4,0
test13.mp4,0
test13.mp4,0
test13.mp4,0
test13.mp4,0
test13.mp4,0
test13.mp4,0
test13.mp4,0
test13.mp4,0
test13.mp4,0
test13.mp4,0
test13.mp4,0
test13.mp4,0
test13.mp4,0
test13.mp4,0
test13.mp4,0
test13.mp4,0
test13.mp4,0
test13.mp4,0
test13.mp4,0
test13.mp4,0
test13.mp4,0
test13.mp4,0
test13.mp4,0
test13.mp4,0
test13.mp4,0
test13.mp4,0
test13.mp4,0
test13.mp4,0
test13.mp4,0
test13.mp4,0
test13.mp4,0
test13.mp4,0
test13.mp4,0
test13.mp4,0
test13.mp4,0
test13.mp4,0
test13.mp4,0
test13.mp4,0
test13.mp4,0
test13.mp4,0
test13.mp4,0
test13.mp4,0
test13.mp4,0
test13.mp4,0
test13.mp4,0
test13.mp4,0
test13.mp4,0
test13.mp4,0
test13.mp4,0
test13.mp4,0
test13.mp4,0
test13.mp4,0
test13.mp4,14
test13.mp4,14
test13.mp4,14
test13.mp4,14
test13.mp4,14
test13.mp4,14
test13.mp4,14
test13.mp4,14
test13.mp4,14
test13.mp4,14
test13.mp4,14
test13.mp4,0
test13.mp4,0
test13.mp4,0
test13.mp4,0
test13.mp4,0
test13.mp4,0
test13.mp4,0
test13.mp4,0
test13.mp4,0
test13.mp4,0
test13.mp4,0
test13.mp4,0
test13.mp4,0
test13.mp4,0
test13.mp4,0
test13.mp4,0
test13.mp4,0
test13.mp4,0
test13.mp4,0
test13.mp4,0
test13.mp4,0
test13.mp4,15
test13.mp4,15
test13.mp4,15
test13.mp4,15
test13.mp4,15
test13.mp4,15
test13.mp4,15
test13.mp4,15
test13.mp4,15
test13.mp4,15
test13.mp4,15
test13.mp4,15
test13.mp4,15
test13.mp4,15
test13.mp4,15
test13.mp4,15
test13.mp4,15
test13.mp4,15
test13.mp4,15
test13.mp4,15
test13.mp4,15
test13.mp4,15
test13.mp4,15
test13.mp4,15
test13.mp4,15
test13.mp4,15
test13.mp4,15
test13.mp4,15
test13.mp4,15
test13.mp4,15
test13.mp4,15
test13.mp4,15
test13.mp4,15
test13.mp4,15
test13.mp4,15
test13.mp4,15
test13.mp4,15
test13.mp4,15
test13.mp4,15
test13.mp4,15
test13.mp4,15
test13.mp4,15
test13.mp4,15
test13.mp4,15
test13.mp4,15
test13.mp4,15
test13.mp4,15
test13.mp4,15
test13.mp4,15
test13.mp4,15
test13.mp4,15
test13.mp4,15
test13.mp4,15
test13.mp4,15
test13.mp4,15
test13.mp4,15
test13.mp4,15
test13.mp4,15
test13.mp4,15
test13.mp4,15
test13.mp4,15
test13.mp4,15
test13.mp4,15
test13.mp4,15
test13.mp4,15
test13.mp4,15
test13.mp4,15
test13.mp4,15
test13.mp4,15
test13.mp4,15
test13.mp4,15
test13.mp4,15
test13.mp4,15
test13.mp4,0
test13.mp4,0
test13.mp4,0
test13.mp4,0
test13.mp4,0
test13.mp4,0
test13.mp4,0
test13.mp4,18
test13.mp4,18
test13.mp4,18
test13.mp4,18
test13.mp4,18
test13.mp4,18
test13.mp4,18
test13.mp4,18
test13.mp4,18
test13.mp4,18
test13.mp4,18
test13.mp4,18
test13.mp4,18
test13.mp4,18
test13.mp4,18
test13.mp4,18
test13.mp4,18
test13.mp4,18
test13.mp4,18
test13.mp4,18
test13.mp4,18
test13.mp4,18
test13.mp4,18
test13.mp4,18
test13.mp4,18
test13.mp4,18
test13.mp4,18
test13.mp4,18
test13.mp4,18
test13.mp4,18
test13.mp4,0
test13.mp4,0
test13.mp4,0
test13.mp4,0
test13.mp4,0
test13.mp4,0
test14.mp4,3
test14.mp4,3
test14.mp4,3
test14.mp4,3
test14.mp4,3
test14.mp4,3
test14.mp4,3
test14.mp4,3
test14.mp4,3
test14.mp4,3
test14.mp4,3
test14.mp4,3
test14.mp4,3
test14.mp4,3
test14.mp4,3
test14.mp4,3
test14.mp4,0
test14.mp4,0
test14.mp4,0
test14.mp4,4
test14.mp4,4
test14.mp4,4
test14.mp4,4
test14.mp4,4
test14.mp4,4
test14.mp4,4
test14.mp4,0
test14.mp4,0
test14.mp4,0
test14.mp4,0
test14.mp4,5
test14.mp4,5
test14.mp4,5
test14.mp4,5
test14.mp4,5
test14.mp4,5
test14.mp4,5
test14.mp4,5
test14.mp4,5
test14.mp4,5
test14.mp4,5
test14.mp4,5
test14.mp4,5
test14.mp4,5
test14.mp4,5
test14.mp4,5
test14.mp4,5
test14.mp4,5
test14.mp4,5
test14.mp4,5
test14.mp4,5
test14.mp4,5
test14.mp4,5
test14.mp4,5
test14.mp4,5
test14.mp4,5
test14.mp4,5
test14.mp4,5
test14.mp4,5
test14.mp4,5
test14.mp4,5
test14.mp4,5
test14.mp4,5
test14.mp4,5
test14.mp4,5
test14.mp4,5
test14.mp4,5
test14.mp4,5
test14.mp4,5
test14.mp4,5
test14.mp4,5
test14.mp4,5
test14.mp4,5
test14.mp4,5
test14.mp4,5
test14.mp4,5
test14.mp4,5
test14.mp4,5
test14.mp4,5
test14.mp4,0
test14.mp4,0
test14.mp4,0
test14.mp4,0
test14.mp4,0
test14.mp4,6
test14.mp4,6
test14.mp4,6
test14.mp4,6
test14.mp4,6
test14.mp4,6
test14.mp4,6
test14.mp4,6
test14.mp4,6
test14.mp4,6
test14.mp4,6
test14.mp4,6
test14.mp4,0
test14.mp4,0
test14.mp4,0
test14.mp4,0
test14.mp4,0
test14.mp4,0
test14.mp4,0
test14.mp4,7
test14.mp4,7
test14.mp4,7
test14.mp4,7
test14.mp4,7
test14.mp4,7
test14.mp4,7
test14.mp4,7
test14.mp4,7
test14.mp4,7
test14.mp4,7
test14.mp4,7
test14.mp4,7
test14.mp4,7
test14.mp4,7
test14.mp4,7
test14.mp4,7
test14.mp4,7
test14.mp4,7
test14.mp4,7
test14.mp4,7
test14.mp4,7
test14.mp4,7
test14.mp4,7
test14.mp4,0
test14.mp4,0
test14.mp4,0
test14.mp4,8
test14.mp4,8
test14.mp4,8
test14.mp4,8
test14.mp4,8
test14.mp4,8
test14.mp4,8
test14.mp4,8
test14.mp4,8
test14.mp4,8
test14.mp4,8
test14.mp4,8
test14.mp4,8
test14.mp4,8
test14.mp4,8
test14.mp4,8
test14.mp4,8
test14.mp4,8
test14.mp4,8
test14.mp4,8
test14.mp4,8
test14.mp4,8
test14.mp4,8
test14.mp4,8
test14.mp4,8
test14.mp4,8
test14.mp4,8
test14.mp4,8
test14.mp4,8
test14.mp4,8
test14.mp4,8
test14.mp4,8
test14.mp4,8
test14.mp4,0
test14.mp4,0
test14.mp4,0
test14.mp4,0
test14.mp4,0
test14.mp4,0
test14.mp4,0
test14.mp4,0
test14.mp4,0
test14.mp4,0
test14.mp4,0
test14.mp4,0
test14.mp4,0
test14.mp4,0
test14.mp4,0
test14.mp4,0
test14.mp4,0
test14.mp4,0
test14.mp4,0
test14.mp4,0
test14.mp4,0
test14.mp4,10
test14.mp4,10
test14.mp4,10
test14.mp4,10
test14.mp4,10
test14.mp4,10
test14.mp4,10
test14.mp4,10
test14.mp4,10
test14.mp4,10
test14.mp4,10
test14.mp4,10
test14.mp4,10
test14.mp4,10
test14.mp4,10
test14.mp4,10
test14.mp4,10
test14.mp4,10
test14.mp4,10
test14.mp4,10
test14.mp4,10
test14.mp4,10
test14.mp4,10
test14.mp4,10
test14.mp4,10
test14.mp4,10
test14.mp4,10
test14.mp4,10
test14.mp4,10
test14.mp4,10
test14.mp4,10
test14.mp4,10
test14.mp4,10
test14.mp4,10
test14.mp4,10
test14.mp4,10
test14.mp4,10
test14.mp4,10
test14.mp4,10
test14.mp4,10
test14.mp4,10
test14.mp4,10
test14.mp4,10
test14.mp4,10
test14.mp4,10
test14.mp4,10
test14.mp4,10
test14.mp4,10
test14.mp4,10
test14.mp4,10
test14.mp4,10
test14.mp4,10
test14.mp4,10
test14.mp4,0
test14.mp4,0
test14.mp4,0
test14.mp4,0
test14.mp4,4
test14.mp4,4
test14.mp4,4
test14.mp4,4
test14.mp4,4
test14.mp4,4
test14.mp4,0
test14.mp4,0
test14.mp4,0
test14.mp4,0
test14.mp4,0
test14.mp4,0
test14.mp4,0
test14.mp4,0
test14.mp4,0
test14.mp4,0
test14.mp4,0
test14.mp4,0
test14.mp4,0
test14.mp4,0
test14.mp4,0
test14.mp4,0
test14.mp4,0
test14.mp4,0
test14.mp4,0
test14.mp4,0
test14.mp4,0
test14.mp4,0
test14.mp4,0
test14.mp4,0
test14.mp4,0
test14.mp4,0
test14.mp4,0
test14.mp4,0
test14.mp4,0
test14.mp4,0
test14.mp4,0
test14.mp4,0
test14.mp4,0
test14.mp4,0
test14.mp4,0
test14.mp4,0
test14.mp4,0
test14.mp4,0
test14.mp4,13
test14.mp4,13
test14.mp4,13
test14.mp4,13
test14.mp4,13
test14.mp4,13
test14.mp4,13
test14.mp4,13
test14.mp4,13
test14.mp4,13
test14.mp4,13
test14.mp4,13
test14.mp4,13
test14.mp4,0
test14.mp4,0
test14.mp4,0
test14.mp4,14
test14.mp4,14
test14.mp4,14
test14.mp4,14
test14.mp4,14
test14.mp4,14
test14.mp4,14
test14.mp4,0
test14.mp4,0
test14.mp4,15
test14.mp4,15
test14.mp4,15
test14.mp4,15
test14.mp4,15
test14.mp4,15
test14.mp4,15
test14.mp4,15
test14.mp4,15
test14.mp4,15
test14.mp4,15
test14.mp4,15
test14.mp4,15
test14.mp4,15
test14.mp4,15
test14.mp4,15
test14.mp4,15
test14.mp4,15
test14.mp4,15
test14.mp4,15
test14.mp4,15
test14.mp4,15
test14.mp4,15
test14.mp4,15
test14.mp4,15
test14.mp4,15
test14.mp4,15
test14.mp4,15
test14.mp4,15
test14.mp4,0
test14.mp4,0
test14.mp4,0
test14.mp4,0
test14.mp4,0
test14.mp4,0
test14.mp4,0
test14.mp4,0
test14.mp4,18
test14.mp4,18
test14.mp4,18
test14.mp4,18
test14.mp4,18
test14.mp4,18
test14.mp4,18
test14.mp4,18
test14.mp4,18
test14.mp4,18
test14.mp4,18
test14.mp4,18
test14.mp4,18
test14.mp4,18
test14.mp4,18
test14.mp4,18
test14.mp4,18
test14.mp4,18
test14.mp4,18
test14.mp4,18
test14.mp4,18
test14.mp4,18
test14.mp4,18
test14.mp4,18
test14.mp4,18
test14.mp4,18
test14.mp4,18
test14.mp4,18
test14.mp4,18
test14.mp4,18
test14.mp4,18
test14.mp4,18
test14.mp4,18
test14.mp4,18
test14.mp4,18
test14.mp4,18
test14.mp4,0
test14.mp4,0
test14.mp4,17
test14.mp4,17
test14.mp4,0
test14.mp4,0
test14.mp4,0
test14.mp4,0
test14.mp4,0
test14.mp4,0
test14.mp4,0
test15.mp4,0
test15.mp4,0
test15.mp4,0
test15.mp4,0
test15.mp4,0
test15.mp4,0
test15.mp4,0
test15.mp4,0
test15.mp4,0
test15.mp4,0
test15.mp4,0
test15.mp4,0
test15.mp4,3
test15.mp4,3
test15.mp4,3
test15.mp4,3
test15.mp4,3
test15.mp4,3
test15.mp4,3
test15.mp4,3
test15.mp4,3
test15.mp4,3
test15.mp4,3
test15.mp4,3
test15.mp4,3
test15.mp4,3
test15.mp4,3
test15.mp4,3
test15.mp4,3
test15.mp4,3
test15.mp4,3
test15.mp4,3
test15.mp4,3
test15.mp4,3
test15.mp4,3
test15.mp4,3
test15.mp4,3
test15.mp4,3
test15.mp4,0
test15.mp4,4
test15.mp4,4
test15.mp4,4
test15.mp4,4
test15.mp4,4
test15.mp4,0
test15.mp4,0
test15.mp4,5
test15.mp4,5
test15.mp4,5
test15.mp4,5
test15.mp4,5
test15.mp4,5
test15.mp4,5
test15.mp4,5
test15.mp4,5
test15.mp4,5
test15.mp4,5
test15.mp4,5
test15.mp4,5
test15.mp4,5
test15.mp4,5
test15.mp4,5
test15.mp4,5
test15.mp4,5
test15.mp4,5
test15.mp4,5
test15.mp4,5
test15.mp4,5
test15.mp4,5
test15.mp4,5
test15.mp4,5
test15.mp4,5
test15.mp4,5
test15.mp4,5
test15.mp4,5
test15.mp4,5
test15.mp4,5
test15.mp4,5
test15.mp4,5
test15.mp4,5
test15.mp4,5
test15.mp4,5
test15.mp4,0
test15.mp4,0
test15.mp4,6
test15.mp4,6
test15.mp4,6
test15.mp4,6
test15.mp4,6
test15.mp4,6
test15.mp4,6
test15.mp4,6
test15.mp4,6
test15.mp4,6
test15.mp4,6
test15.mp4,6
test15.mp4,6
test15.mp4,6
test15.mp4,6
test15.mp4,0
test15.mp4,0
test15.mp4,0
test15.mp4,0
test15.mp4,0
test15.mp4,0
test15.mp4,0
test15.mp4,0
test15.mp4,7
test15.mp4,7
test15.mp4,7
test15.mp4,7
test15.mp4,7
test15.mp4,7
test15.mp4,7
test15.mp4,7
test15.mp4,7
test15.mp4,7
test15.mp4,7
test15.mp4,7
test15.mp4,7
test15.mp4,7
test15.mp4,7
test15.mp4,7
test15.mp4,7
test15.mp4,7
test15.mp4,7
test15.mp4,7
test15.mp4,7
test15.mp4,7
test15.mp4,7
test15.mp4,7
test15.mp4,7
test15.mp4,7
test15.mp4,7
test15.mp4,7
test15.mp4,7
test15.mp4,7
test15.mp4,7
test15.mp4,7
test15.mp4,7
test15.mp4,7
test15.mp4,7
test15.mp4,7
test15.mp4,7
test15.mp4,7
test15.mp4,7
test15.mp4,7
test15.mp4,7
test15.mp4,7
test15.mp4,7
test15.mp4,7
test15.mp4,7
test15.mp4,7
test15.mp4,7
test15.mp4,7
test15.mp4,7
test15.mp4,7
test15.mp4,7
test15.mp4,7
test15.mp4,7
test15.mp4,7
test15.mp4,7
test15.mp4,7
test15.mp4,7
test15.mp4,7
test15.mp4,7
test15.mp4,7
test15.mp4,7
test15.mp4,7
test15.mp4,7
test15.mp4,7
test15.mp4,7
test15.mp4,8
test15.mp4,8
test15.mp4,8
test15.mp4,8
test15.mp4,8
test15.mp4,8
test15.mp4,8
test15.mp4,8
test15.mp4,8
test15.mp4,8
test15.mp4,8
test15.mp4,8
test15.mp4,8
test15.mp4,8
test15.mp4,8
test15.mp4,8
test15.mp4,8
test15.mp4,8
test15.mp4,8
test15.mp4,8
test15.mp4,8
test15.mp4,8
test15.mp4,8
test15.mp4,8
test15.mp4,8
test15.mp4,8
test15.mp4,8
test15.mp4,8
test15.mp4,8
test15.mp4,8
test15.mp4,8
test15.mp4,8
test15.mp4,8
test15.mp4,8
test15.mp4,8
test15.mp4,8
test15.mp4,8
test15.mp4,8
test15.mp4,8
test15.mp4,8
test15.mp4,8
test15.mp4,8
test15.mp4,8
test15.mp4,8
test15.mp4,8
test15.mp4,8
test15.mp4,8
test15.mp4,8
test15.mp4,8
test15.mp4,8
test15.mp4,8
test15.mp4,8
test15.mp4,8
test15.mp4,8
test15.mp4,8
test15.mp4,8
test15.mp4,8
test15.mp4,8
test15.mp4,8
test15.mp4,8
test15.mp4,8
test15.mp4,8
test15.mp4,8
test15.mp4,8
test15.mp4,8
test15.mp4,8
test15.mp4,8
test15.mp4,8
test15.mp4,8
test15.mp4,8
test15.mp4,8
test15.mp4,8
test15.mp4,8
test15.mp4,8
test15.mp4,8
test15.mp4,8
test15.mp4,8
test15.mp4,8
test15.mp4,8
test15.mp4,8
test15.mp4,8
test15.mp4,8
test15.mp4,0
test15.mp4,0
test15.mp4,0
test15.mp4,0
test15.mp4,0
test15.mp4,0
test15.mp4,0
test15.mp4,0
test15.mp4,0
test15.mp4,0
test15.mp4,0
test15.mp4,0
test15.mp4,0
test15.mp4,0
test15.mp4,0
test15.mp4,0
test15.mp4,0
test15.mp4,10
test15.mp4,10
test15.mp4,10
test15.mp4,10
test15.mp4,10
test15.mp4,10
test15.mp4,10
test15.mp4,10
test15.mp4,10
test15.mp4,10
test15.mp4,10
test15.mp4,10
test15.mp4,10
test15.mp4,10
test15.mp4,10
test15.mp4,10
test15.mp4,10
test15.mp4,10
test15.mp4,10
test15.mp4,10
test15.mp4,10
test15.mp4,10
test15.mp4,10
test15.mp4,10
test15.mp4,10
test15.mp4,10
test15.mp4,10
test15.mp4,10
test15.mp4,10
test15.mp4,10
test15.mp4,10
test15.mp4,10
test15.mp4,10
test15.mp4,10
test15.mp4,10
test15.mp4,10
test15.mp4,10
test15.mp4,10
test15.mp4,10
test15.mp4,10
test15.mp4,10
test15.mp4,10
test15.mp4,10
test15.mp4,10
test15.mp4,10
test15.mp4,10
test15.mp4,10
test15.mp4,10
test15.mp4,10
test15.mp4,10
test15.mp4,10
test15.mp4,10
test15.mp4,10
test15.mp4,10
test15.mp4,10
test15.mp4,10
test15.mp4,10
test15.mp4,10
test15.mp4,10
test15.mp4,10
test15.mp4,10
test15.mp4,10
test15.mp4,10
test15.mp4,10
test15.mp4,10
test15.mp4,10
test15.mp4,10
test15.mp4,10
test15.mp4,10
test15.mp4,10
test15.mp4,10
test15.mp4,10
test15.mp4,10
test15.mp4,10
test15.mp4,10
test15.mp4,10
test15.mp4,10
test15.mp4,10
test15.mp4,10
test15.mp4,10
test15.mp4,10
test15.mp4,10
test15.mp4,10
test15.mp4,10
test15.mp4,10
test15.mp4,0
test15.mp4,0
test15.mp4,0
test15.mp4,0
test15.mp4,4
test15.mp4,4
test15.mp4,4
test15.mp4,4
test15.mp4,4
test15.mp4,0
test15.mp4,0
test15.mp4,0
test15.mp4,0
test15.mp4,0
test15.mp4,0
test15.mp4,0
test15.mp4,0
test15.mp4,0
test15.mp4,0
test15.mp4,0
test15.mp4,0
test15.mp4,0
test15.mp4,0
test15.mp4,0
test15.mp4,0
test15.mp4,0
test15.mp4,0
test15.mp4,0
test15.mp4,0
test15.mp4,11
test15.mp4,11
test15.mp4,11
test15.mp4,11
test15.mp4,11
test15.mp4,11
test15.mp4,11
test15.mp4,11
test15.mp4,11
test15.mp4,11
test15.mp4,11
test15.mp4,0
test15.mp4,0
test15.mp4,0
test15.mp4,0
test15.mp4,0
test15.mp4,0
test15.mp4,0
test15.mp4,0
test15.mp4,0
test15.mp4,13
test15.mp4,13
test15.mp4,13
test15.mp4,13
test15.mp4,13
test15.mp4,13
test15.mp4,13
test15.mp4,13
test15.mp4,13
test15.mp4,13
test15.mp4,13
test15.mp4,13
test15.mp4,13
test15.mp4,0
test15.mp4,0
test15.mp4,14
test15.mp4,14
test15.mp4,14
test15.mp4,14
test15.mp4,14
test15.mp4,14
test15.mp4,14
test15.mp4,0
test15.mp4,0
test15.mp4,15
test15.mp4,15
test15.mp4,15
test15.mp4,15
test15.mp4,15
test15.mp4,15
test15.mp4,15
test15.mp4,15
test15.mp4,15
test15.mp4,15
test15.mp4,15
test15.mp4,15
test15.mp4,15
test15.mp4,15
test15.mp4,15
test15.mp4,15
test15.mp4,15
test15.mp4,15
test15.mp4,15
test15.mp4,15
test15.mp4,0
test15.mp4,0
test15.mp4,0
test15.mp4,18
test15.mp4,18
test15.mp4,18
test15.mp4,18
test15.mp4,18
test15.mp4,18
test15.mp4,18
test15.mp4,18
test15.mp4,18
test15.mp4,18
test15.mp4,18
test15.mp4,18
test15.mp4,18
test15.mp4,18
test15.mp4,18
test15.mp4,18
test15.mp4,18
test15.mp4,18
test15.mp4,18
test15.mp4,18
test15.mp4,18
test15.mp4,18
test15.mp4,18
test15.mp4,18
test15.mp4,18
test15.mp4,18
test15.mp4,18
test15.mp4,18
test15.mp4,0
test15.mp4,0
test15.mp4,0
test15.mp4,0
test16.mp4,0
test16.mp4,0
test16.mp4,0
test16.mp4,0
test16.mp4,0
test16.mp4,0
test16.mp4,0
test16.mp4,0
test16.mp4,0
test16.mp4,0
test16.mp4,0
test16.mp4,0
test16.mp4,3
test16.mp4,3
test16.mp4,3
test16.mp4,3
test16.mp4,3
test16.mp4,3
test16.mp4,3
test16.mp4,3
test16.mp4,3
test16.mp4,3
test16.mp4,3
test16.mp4,3
test16.mp4,3
test16.mp4,3
test16.mp4,3
test16.mp4,3
test16.mp4,3
test16.mp4,3
test16.mp4,3
test16.mp4,3
test16.mp4,0
test16.mp4,0
test16.mp4,0
test16.mp4,0
test16.mp4,0
test16.mp4,4
test16.mp4,4
test16.mp4,4
test16.mp4,4
test16.mp4,0
test16.mp4,0
test16.mp4,0
test16.mp4,0
test16.mp4,0
test16.mp4,0
test16.mp4,0
test16.mp4,5
test16.mp4,5
test16.mp4,5
test16.mp4,5
test16.mp4,5
test16.mp4,5
test16.mp4,5
test16.mp4,5
test16.mp4,5
test16.mp4,5
test16.mp4,5
test16.mp4,5
test16.mp4,5
test16.mp4,5
test16.mp4,5
test16.mp4,5
test16.mp4,5
test16.mp4,5
test16.mp4,5
test16.mp4,5
test16.mp4,5
test16.mp4,5
test16.mp4,5
test16.mp4,5
test16.mp4,5
test16.mp4,5
test16.mp4,5
test16.mp4,5
test16.mp4,5
test16.mp4,0
test16.mp4,0
test16.mp4,0
test16.mp4,6
test16.mp4,6
test16.mp4,6
test16.mp4,6
test16.mp4,6
test16.mp4,6
test16.mp4,6
test16.mp4,6
test16.mp4,6
test16.mp4,6
test16.mp4,6
test16.mp4,6
test16.mp4,6
test16.mp4,6
test16.mp4,6
test16.mp4,6
test16.mp4,6
test16.mp4,6
test16.mp4,0
test16.mp4,0
test16.mp4,0
test16.mp4,0
test16.mp4,7
test16.mp4,7
test16.mp4,7
test16.mp4,7
test16.mp4,7
test16.mp4,7
test16.mp4,7
test16.mp4,7
test16.mp4,7
test16.mp4,7
test16.mp4,7
test16.mp4,7
test16.mp4,7
test16.mp4,7
test16.mp4,7
test16.mp4,7
test16.mp4,7
test16.mp4,7
test16.mp4,7
test16.mp4,7
test16.mp4,7
test16.mp4,7
test16.mp4,7
test16.mp4,7
test16.mp4,7
test16.mp4,7
test16.mp4,7
test16.mp4,7
test16.mp4,7
test16.mp4,7
test16.mp4,7
test16.mp4,7
test16.mp4,7
test16.mp4,7
test16.mp4,7
test16.mp4,7
test16.mp4,7
test16.mp4,7
test16.mp4,7
test16.mp4,7
test16.mp4,7
test16.mp4,7
test16.mp4,7
test16.mp4,7
test16.mp4,7
test16.mp4,7
test16.mp4,7
test16.mp4,7
test16.mp4,7
test16.mp4,7
test16.mp4,7
test16.mp4,7
test16.mp4,0
test16.mp4,0
test16.mp4,0
test16.mp4,8
test16.mp4,8
test16.mp4,8
test16.mp4,8
test16.mp4,8
test16.mp4,8
test16.mp4,8
test16.mp4,8
test16.mp4,8
test16.mp4,8
test16.mp4,8
test16.mp4,8
test16.mp4,8
test16.mp4,8
test16.mp4,8
test16.mp4,8
test16.mp4,8
test16.mp4,8
test16.mp4,8
test16.mp4,8
test16.mp4,8
test16.mp4,8
test16.mp4,8
test16.mp4,8
test16.mp4,8
test16.mp4,8
test16.mp4,8
test16.mp4,8
test16.mp4,8
test16.mp4,8
test16.mp4,8
test16.mp4,8
test16.mp4,8
test16.mp4,8
test16.mp4,8
test16.mp4,8
test16.mp4,8
test16.mp4,8
test16.mp4,8
test16.mp4,8
test16.mp4,8
test16.mp4,8
test16.mp4,8
test16.mp4,8
test16.mp4,0
test16.mp4,0
test16.mp4,0
test16.mp4,0
test16.mp4,0
test16.mp4,0
test16.mp4,0
test16.mp4,0
test16.mp4,0
test16.mp4,0
test16.mp4,0
test16.mp4,0
test16.mp4,0
test16.mp4,10
test16.mp4,10
test16.mp4,10
test16.mp4,10
test16.mp4,10
test16.mp4,10
test16.mp4,10
test16.mp4,10
test16.mp4,10
test16.mp4,10
test16.mp4,10
test16.mp4,10
test16.mp4,10
test16.mp4,10
test16.mp4,10
test16.mp4,10
test16.mp4,10
test16.mp4,10
test16.mp4,10
test16.mp4,10
test16.mp4,10
test16.mp4,10
test16.mp4,10
test16.mp4,10
test16.mp4,10
test16.mp4,10
test16.mp4,10
test16.mp4,10
test16.mp4,10
test16.mp4,10
test16.mp4,10
test16.mp4,10
test16.mp4,10
test16.mp4,10
test16.mp4,10
test16.mp4,10
test16.mp4,10
test16.mp4,10
test16.mp4,10
test16.mp4,10
test16.mp4,10
test16.mp4,10
test16.mp4,10
test16.mp4,10
test16.mp4,10
test16.mp4,10
test16.mp4,10
test16.mp4,10
test16.mp4,10
test16.mp4,10
test16.mp4,10
test16.mp4,10
test16.mp4,10
test16.mp4,10
test16.mp4,10
test16.mp4,10
test16.mp4,10
test16.mp4,10
test16.mp4,10
test16.mp4,10
test16.mp4,10
test16.mp4,10
test16.mp4,10
test16.mp4,10
test16.mp4,10
test16.mp4,10
test16.mp4,10
test16.mp4,10
test16.mp4,10
test16.mp4,10
test16.mp4,10
test16.mp4,10
test16.mp4,10
test16.mp4,10
test16.mp4,10
test16.mp4,10
test16.mp4,10
test16.mp4,10
test16.mp4,10
test16.mp4,10
test16.mp4,10
test16.mp4,10
test16.mp4,10
test16.mp4,10
test16.mp4,10
test16.mp4,10
test16.mp4,10
test16.mp4,10
test16.mp4,10
test16.mp4,10
test16.mp4,10
test16.mp4,10
test16.mp4,10
test16.mp4,10
test16.mp4,10
test16.mp4,10
test16.mp4,10
test16.mp4,10
test16.mp4,10
test16.mp4,10
test16.mp4,10
test16.mp4,10
test16.mp4,10
test16.mp4,10
test16.mp4,10
test16.mp4,0
test16.mp4,0
test16.mp4,0
test16.mp4,0
test16.mp4,0
test16.mp4,0
test16.mp4,0
test16.mp4,0
test16.mp4,4
test16.mp4,4
test16.mp4,4
test16.mp4,4
test16.mp4,4
test16.mp4,4
test16.mp4,4
test16.mp4,0
test16.mp4,0
test16.mp4,0
test16.mp4,0
test16.mp4,0
test16.mp4,0
test16.mp4,0
test16.mp4,0
test16.mp4,0
test16.mp4,0
test16.mp4,0
test16.mp4,0
test16.mp4,0
test16.mp4,0
test16.mp4,11
test16.mp4,11
test16.mp4,11
test16.mp4,11
test16.mp4,11
test16.mp4,11
test16.mp4,11
test16.mp4,11
test16.mp4,11
test16.mp4,11
test16.mp4,11
test16.mp4,0
test16.mp4,0
test16.mp4,0
test16.mp4,0
test16.mp4,0
test16.mp4,0
test16.mp4,0
test16.mp4,0
test16.mp4,0
test16.mp4,0
test16.mp4,0
test16.mp4,0
test16.mp4,3
test16.mp4,3
test16.mp4,3
test16.mp4,3
test16.mp4,3
test16.mp4,3
test16.mp4,3
test16.mp4,0
test16.mp4,0
test16.mp4,0
test16.mp4,0
test16.mp4,13
test16.mp4,13
test16.mp4,13
test16.mp4,13
test16.mp4,13
test16.mp4,13
test16.mp4,13
test16.mp4,13
test16.mp4,13
test16.mp4,13
test16.mp4,13
test16.mp4,13
test16.mp4,13
test16.mp4,13
test16.mp4,0
test16.mp4,0
test16.mp4,0
test16.mp4,0
test16.mp4,0
test16.mp4,0
test16.mp4,0
test16.mp4,0
test16.mp4,0
test16.mp4,0
test16.mp4,0
test16.mp4,0
test16.mp4,0
test16.mp4,11
test16.mp4,11
test16.mp4,11
test16.mp4,11
test16.mp4,11
test16.mp4,11
test16.mp4,11
test16.mp4,11
test16.mp4,0
test16.mp4,0
test16.mp4,0
test16.mp4,0
test16.mp4,0
test16.mp4,0
test16.mp4,0
test16.mp4,0
test16.mp4,0
test16.mp4,0
test16.mp4,0
test16.mp4,0
test16.mp4,0
test16.mp4,4
test16.mp4,4
test16.mp4,4
test16.mp4,4
test16.mp4,0
test16.mp4,0
test16.mp4,0
test16.mp4,0
test16.mp4,0
test16.mp4,0
test16.mp4,0
test16.mp4,11
test16.mp4,11
test16.mp4,11
test16.mp4,11
test16.mp4,11
test16.mp4,11
test16.mp4,11
test16.mp4,11
test16.mp4,11
test16.mp4,11
test16.mp4,11
test16.mp4,11
test16.mp4,11
test16.mp4,11
test16.mp4,11
test16.mp4,11
test16.mp4,11
test16.mp4,11
test16.mp4,11
test16.mp4,11
test16.mp4,11
test16.mp4,11
test16.mp4,11
test16.mp4,11
test16.mp4,11
test16.mp4,11
test16.mp4,11
test16.mp4,11
test16.mp4,11
test16.mp4,11
test16.mp4,11
test16.mp4,11
test16.mp4,11
test16.mp4,11
test16.mp4,11
test16.mp4,11
test16.mp4,11
test16.mp4,11
test16.mp4,0
test16.mp4,0
test16.mp4,0
test16.mp4,13
test16.mp4,13
test16.mp4,13
test16.mp4,13
test16.mp4,13
test16.mp4,13
test16.mp4,13
test16.mp4,13
test16.mp4,13
test16.mp4,13
test16.mp4,13
test16.mp4,13
test16.mp4,13
test16.mp4,13
test16.mp4,13
test16.mp4,13
test16.mp4,0
test16.mp4,0
test16.mp4,0
test16.mp4,0
test16.mp4,0
test16.mp4,14
test16.mp4,14
test16.mp4,14
test16.mp4,14
test16.mp4,14
test16.mp4,14
test16.mp4,14
test16.mp4,14
test16.mp4,14
test16.mp4,14
test16.mp4,14
test16.mp4,14
test16.mp4,14
test16.mp4,14
test16.mp4,14
test16.mp4,14
test16.mp4,14
test16.mp4,14
test16.mp4,0
test16.mp4,0
test16.mp4,0
test16.mp4,0
test16.mp4,0
test16.mp4,0
test16.mp4,15
test16.mp4,15
test16.mp4,15
test16.mp4,15
test16.mp4,15
test16.mp4,15
test16.mp4,15
test16.mp4,15
test16.mp4,15
test16.mp4,15
test16.mp4,15
test16.mp4,15
test16.mp4,15
test16.mp4,15
test16.mp4,15
test16.mp4,15
test16.mp4,15
test16.mp4,15
test16.mp4,15
test16.mp4,15
test16.mp4,15
test16.mp4,15
test16.mp4,15
test16.mp4,0
test16.mp4,0
test16.mp4,0
test16.mp4,0
test16.mp4,0
test16.mp4,0
test16.mp4,0
test16.mp4,0
test16.mp4,0
test16.mp4,0
test16.mp4,0
test16.mp4,0
test16.mp4,0
test16.mp4,16
test16.mp4,16
test16.mp4,16
test16.mp4,16
test16.mp4,16
test16.mp4,16
test16.mp4,16
test16.mp4,16
test16.mp4,16
test16.mp4,16
test16.mp4,16
test16.mp4,16
test16.mp4,16
test16.mp4,16
test16.mp4,16
test16.mp4,16
test16.mp4,16
test16.mp4,16
test16.mp4,16
test16.mp4,16
test16.mp4,16
test16.mp4,16
test16.mp4,16
test16.mp4,16
test16.mp4,16
test16.mp4,16
test16.mp4,16
test16.mp4,16
test16.mp4,16
test16.mp4,16
test16.mp4,16
test16.mp4,0
test16.mp4,0
test16.mp4,0
test16.mp4,0
test16.mp4,0
test16.mp4,0
test16.mp4,18
test16.mp4,18
test16.mp4,18
test16.mp4,18
test16.mp4,18
test16.mp4,18
test16.mp4,18
test16.mp4,18
test16.mp4,0
test16.mp4,0
test16.mp4,0
test16.mp4,0
test16.mp4,15
test16.mp4,15
test16.mp4,15
test16.mp4,15
test16.mp4,15
test16.mp4,15
test16.mp4,15
test16.mp4,15
test16.mp4,15
test16.mp4,15
test16.mp4,15
test16.mp4,15
test16.mp4,15
test16.mp4,15
test16.mp4,0
test16.mp4,0
test16.mp4,0
test16.mp4,0
test16.mp4,0
test16.mp4,0
test16.mp4,18
test16.mp4,18
test16.mp4,18
test16.mp4,18
test16.mp4,18
test16.mp4,18
test16.mp4,18
test16.mp4,18
test16.mp4,18
test16.mp4,18
test16.mp4,18
test16.mp4,18
test16.mp4,18
test16.mp4,18
test16.mp4,18
test16.mp4,18
test16.mp4,18
test16.mp4,18
test16.mp4,18
test16.mp4,18
test16.mp4,18
test16.mp4,18
test16.mp4,18
test16.mp4,18
test16.mp4,18
test16.mp4,18
test16.mp4,18
test16.mp4,18
test16.mp4,18
test16.mp4,18
test16.mp4,18
test16.mp4,0
test16.mp4,0
test16.mp4,0
test16.mp4,0
test16.mp4,16
test16.mp4,16
test16.mp4,16
test16.mp4,16
test16.mp4,16
test16.mp4,16
test16.mp4,0
test16.mp4,0
test16.mp4,0
test16.mp4,0
test16.mp4,0
test16.mp4,0
test16.mp4,0
test16.mp4,0
test16.mp4,0
test17.mp4,0
test17.mp4,0
test17.mp4,0
test17.mp4,0
test17.mp4,0
test17.mp4,0
test17.mp4,0
test17.mp4,0
test17.mp4,0
test17.mp4,0
test17.mp4,0
test17.mp4,0
test17.mp4,3
test17.mp4,3
test17.mp4,3
test17.mp4,3
test17.mp4,3
test17.mp4,3
test17.mp4,3
test17.mp4,3
test17.mp4,3
test17.mp4,3
test17.mp4,3
test17.mp4,3
test17.mp4,3
test17.mp4,3
test17.mp4,3
test17.mp4,3
test17.mp4,3
test17.mp4,3
test17.mp4,3
test17.mp4,3
test17.mp4,3
test17.mp4,3
test17.mp4,0
test17.mp4,0
test17.mp4,0
test17.mp4,0
test17.mp4,0
test17.mp4,0
test17.mp4,0
test17.mp4,0
test17.mp4,4
test17.mp4,4
test17.mp4,4
test17.mp4,4
test17.mp4,4
test17.mp4,4
test17.mp4,4
test17.mp4,4
test17.mp4,4
test17.mp4,4
test17.mp4,0
test17.mp4,0
test17.mp4,0
test17.mp4,0
test17.mp4,0
test17.mp4,0
test17.mp4,0
test17.mp4,0
test17.mp4,0
test17.mp4,0
test17.mp4,0
test17.mp4,0
test17.mp4,2
test17.mp4,2
test17.mp4,2
test17.mp4,2
test17.mp4,2
test17.mp4,2
test17.mp4,2
test17.mp4,2
test17.mp4,2
test17.mp4,2
test17.mp4,2
test17.mp4,2
test17.mp4,2
test17.mp4,2
test17.mp4,2
test17.mp4,2
test17.mp4,2
test17.mp4,2
test17.mp4,2
test17.mp4,2
test17.mp4,2
test17.mp4,2
test17.mp4,2
test17.mp4,2
test17.mp4,2
test17.mp4,2
test17.mp4,2
test17.mp4,2
test17.mp4,2
test17.mp4,2
test17.mp4,2
test17.mp4,2
test17.mp4,2
test17.mp4,2
test17.mp4,2
test17.mp4,2
test17.mp4,2
test17.mp4,2
test17.mp4,2
test17.mp4,2
test17.mp4,0
test17.mp4,0
test17.mp4,0
test17.mp4,0
test17.mp4,0
test17.mp4,0
test17.mp4,4
test17.mp4,4
test17.mp4,4
test17.mp4,4
test17.mp4,4
test17.mp4,0
test17.mp4,0
test17.mp4,0
test17.mp4,0
test17.mp4,0
test17.mp4,0
test17.mp4,0
test17.mp4,5
test17.mp4,5
test17.mp4,5
test17.mp4,5
test17.mp4,5
test17.mp4,5
test17.mp4,5
test17.mp4,5
test17.mp4,5
test17.mp4,5
test17.mp4,5
test17.mp4,5
test17.mp4,5
test17.mp4,5
test17.mp4,5
test17.mp4,5
test17.mp4,5
test17.mp4,5
test17.mp4,5
test17.mp4,5
test17.mp4,5
test17.mp4,5
test17.mp4,5
test17.mp4,5
test17.mp4,5
test17.mp4,0
test17.mp4,0
test17.mp4,0
test17.mp4,0
test17.mp4,6
test17.mp4,6
test17.mp4,6
test17.mp4,6
test17.mp4,6
test17.mp4,6
test17.mp4,6
test17.mp4,6
test17.mp4,6
test17.mp4,6
test17.mp4,6
test17.mp4,6
test17.mp4,6
test17.mp4,0
test17.mp4,0
test17.mp4,0
test17.mp4,0
test17.mp4,7
test17.mp4,7
test17.mp4,7
test17.mp4,7
test17.mp4,7
test17.mp4,7
test17.mp4,7
test17.mp4,7
test17.mp4,7
test17.mp4,7
test17.mp4,7
test17.mp4,7
test17.mp4,7
test17.mp4,7
test17.mp4,7
test17.mp4,7
test17.mp4,7
test17.mp4,7
test17.mp4,7
test17.mp4,7
test17.mp4,7
test17.mp4,7
test17.mp4,7
test17.mp4,8
test17.mp4,8
test17.mp4,8
test17.mp4,8
test17.mp4,8
test17.mp4,8
test17.mp4,8
test17.mp4,8
test17.mp4,8
test17.mp4,8
test17.mp4,8
test17.mp4,8
test17.mp4,8
test17.mp4,8
test17.mp4,8
test17.mp4,8
test17.mp4,8
test17.mp4,8
test17.mp4,8
test17.mp4,8
test17.mp4,8
test17.mp4,8
test17.mp4,8
test17.mp4,8
test17.mp4,8
test17.mp4,8
test17.mp4,8
test17.mp4,8
test17.mp4,8
test17.mp4,8
test17.mp4,8
test17.mp4,8
test17.mp4,0
test17.mp4,0
test17.mp4,0
test17.mp4,0
test17.mp4,0
test17.mp4,0
test17.mp4,0
test17.mp4,0
test17.mp4,0
test17.mp4,0
test17.mp4,0
test17.mp4,0
test17.mp4,0
test17.mp4,0
test17.mp4,0
test17.mp4,0
test17.mp4,0
test17.mp4,0
test17.mp4,0
test17.mp4,0
test17.mp4,0
test17.mp4,0
test17.mp4,0
test17.mp4,0
test17.mp4,0
test17.mp4,0
test17.mp4,0
test17.mp4,0
test17.mp4,0
test17.mp4,0
test17.mp4,0
test17.mp4,0
test17.mp4,0
test17.mp4,0
test17.mp4,0
test17.mp4,0
test17.mp4,10
test17.mp4,10
test17.mp4,10
test17.mp4,10
test17.mp4,10
test17.mp4,10
test17.mp4,10
test17.mp4,10
test17.mp4,10
test17.mp4,10
test17.mp4,10
test17.mp4,10
test17.mp4,10
test17.mp4,10
test17.mp4,10
test17.mp4,10
test17.mp4,10
test17.mp4,10
test17.mp4,10
test17.mp4,10
test17.mp4,10
test17.mp4,10
test17.mp4,10
test17.mp4,10
test17.mp4,10
test17.mp4,10
test17.mp4,10
test17.mp4,10
test17.mp4,10
test17.mp4,10
test17.mp4,10
test17.mp4,10
test17.mp4,10
test17.mp4,10
test17.mp4,10
test17.mp4,10
test17.mp4,10
test17.mp4,10
test17.mp4,0
test17.mp4,0
test17.mp4,0
test17.mp4,0
test17.mp4,0
test17.mp4,4
test17.mp4,4
test17.mp4,4
test17.mp4,4
test17.mp4,4
test17.mp4,0
test17.mp4,0
test17.mp4,0
test17.mp4,0
test17.mp4,0
test17.mp4,0
test17.mp4,0
test17.mp4,0
test17.mp4,0
test17.mp4,0
test17.mp4,0
test17.mp4,0
test17.mp4,0
test17.mp4,0
test17.mp4,0
test17.mp4,0
test17.mp4,0
test17.mp4,0
test17.mp4,0
test17.mp4,0
test17.mp4,0
test17.mp4,0
test17.mp4,0
test17.mp4,0
test17.mp4,0
test17.mp4,0
test17.mp4,0
test17.mp4,0
test17.mp4,0
test17.mp4,0
test17.mp4,0
test17.mp4,0
test17.mp4,0
test17.mp4,0
test17.mp4,0
test17.mp4,0
test17.mp4,0
test17.mp4,0
test17.mp4,0
test17.mp4,0
test17.mp4,13
test17.mp4,13
test17.mp4,13
test17.mp4,13
test17.mp4,13
test17.mp4,13
test17.mp4,13
test17.mp4,13
test17.mp4,13
test17.mp4,13
test17.mp4,13
test17.mp4,0
test17.mp4,0
test17.mp4,0
test17.mp4,14
test17.mp4,14
test17.mp4,14
test17.mp4,14
test17.mp4,14
test17.mp4,14
test17.mp4,14
test17.mp4,14
test17.mp4,14
test17.mp4,14
test17.mp4,14
test17.mp4,14
test17.mp4,14
test17.mp4,14
test17.mp4,0
test17.mp4,0
test17.mp4,15
test17.mp4,15
test17.mp4,15
test17.mp4,15
test17.mp4,15
test17.mp4,15
test17.mp4,15
test17.mp4,15
test17.mp4,15
test17.mp4,15
test17.mp4,15
test17.mp4,15
test17.mp4,15
test17.mp4,15
test17.mp4,15
test17.mp4,15
test17.mp4,15
test17.mp4,15
test17.mp4,15
test17.mp4,15
test17.mp4,15
test17.mp4,15
test17.mp4,15
test17.mp4,15
test17.mp4,15
test17.mp4,15
test17.mp4,15
test17.mp4,15
test17.mp4,15
test17.mp4,15
test17.mp4,0
test17.mp4,0
test17.mp4,0
test17.mp4,0
test17.mp4,18
test17.mp4,18
test17.mp4,18
test17.mp4,18
test17.mp4,0
test17.mp4,0
test17.mp4,0
test17.mp4,0
test17.mp4,0
test17.mp4,0
test17.mp4,0
test17.mp4,0
test17.mp4,0
test17.mp4,0
test17.mp4,0
test17.mp4,0
test17.mp4,0
test17.mp4,0
test17.mp4,0
test17.mp4,0
test17.mp4,0
test17.mp4,0
test17.mp4,0
test17.mp4,0
test17.mp4,0
test17.mp4,0
test17.mp4,0
test17.mp4,16
test17.mp4,16
test17.mp4,16
test17.mp4,16
test17.mp4,16
test17.mp4,16
test17.mp4,16
test17.mp4,16
test17.mp4,16
test17.mp4,16
test17.mp4,16
test17.mp4,16
test17.mp4,16
test17.mp4,16
test17.mp4,16
test17.mp4,16
test17.mp4,16
test17.mp4,16
test17.mp4,16
test17.mp4,16
test17.mp4,16
test17.mp4,16
test17.mp4,16
test17.mp4,16
test17.mp4,16
test17.mp4,16
test17.mp4,16
test17.mp4,16
test17.mp4,16
test17.mp4,16
test17.mp4,16
test17.mp4,16
test17.mp4,16
test17.mp4,16
test17.mp4,16
test17.mp4,16
test17.mp4,16
test17.mp4,16
test17.mp4,16
test17.mp4,16
test17.mp4,16
test17.mp4,16
test17.mp4,0
test17.mp4,0
test17.mp4,0
test17.mp4,0
test17.mp4,0
test17.mp4,0
test17.mp4,18
test17.mp4,18
test17.mp4,18
test17.mp4,18
test17.mp4,18
test17.mp4,18
test17.mp4,18
test17.mp4,18
test17.mp4,18
test17.mp4,18
test17.mp4,18
test17.mp4,18
test17.mp4,18
test17.mp4,18
test17.mp4,18
test17.mp4,18
test17.mp4,18
test17.mp4,18
test17.mp4,18
test17.mp4,18
test17.mp4,18
test17.mp4,0
test17.mp4,0
test17.mp4,0
test17.mp4,0
test17.mp4,0
test18.mp4,0
test18.mp4,0
test18.mp4,0
test18.mp4,0
test18.mp4,0
test18.mp4,0
test18.mp4,0
test18.mp4,0
test18.mp4,0
test18.mp4,0
test18.mp4,0
test18.mp4,0
test18.mp4,0
test18.mp4,0
test18.mp4,0
test18.mp4,0
test18.mp4,0
test18.mp4,0
test18.mp4,0
test18.mp4,0
test18.mp4,0
test18.mp4,0
test18.mp4,0
test18.mp4,0
test18.mp4,0
test18.mp4,0
test18.mp4,0
test18.mp4,0
test18.mp4,0
test18.mp4,0
test18.mp4,0
test18.mp4,0
test18.mp4,0
test18.mp4,0
test18.mp4,0
test18.mp4,0
test18.mp4,0
test18.mp4,0
test18.mp4,3
test18.mp4,3
test18.mp4,3
test18.mp4,3
test18.mp4,3
test18.mp4,3
test18.mp4,3
test18.mp4,3
test18.mp4,3
test18.mp4,3
test18.mp4,3
test18.mp4,3
test18.mp4,3
test18.mp4,3
test18.mp4,3
test18.mp4,3
test18.mp4,3
test18.mp4,3
test18.mp4,3
test18.mp4,3
test18.mp4,3
test18.mp4,3
test18.mp4,3
test18.mp4,3
test18.mp4,3
test18.mp4,3
test18.mp4,3
test18.mp4,3
test18.mp4,3
test18.mp4,3
test18.mp4,3
test18.mp4,3
test18.mp4,0
test18.mp4,0
test18.mp4,0
test18.mp4,0
test18.mp4,4
test18.mp4,4
test18.mp4,4
test18.mp4,4
test18.mp4,4
test18.mp4,0
test18.mp4,0
test18.mp4,0
test18.mp4,0
test18.mp4,5
test18.mp4,5
test18.mp4,5
test18.mp4,5
test18.mp4,5
test18.mp4,5
test18.mp4,5
test18.mp4,5
test18.mp4,5
test18.mp4,5
test18.mp4,5
test18.mp4,5
test18.mp4,5
test18.mp4,5
test18.mp4,5
test18.mp4,5
test18.mp4,5
test18.mp4,5
test18.mp4,5
test18.mp4,5
test18.mp4,5
test18.mp4,5
test18.mp4,5
test18.mp4,5
test18.mp4,5
test18.mp4,5
test18.mp4,5
test18.mp4,5
test18.mp4,5
test18.mp4,5
test18.mp4,5
test18.mp4,5
test18.mp4,5
test18.mp4,5
test18.mp4,5
test18.mp4,5
test18.mp4,5
test18.mp4,5
test18.mp4,5
test18.mp4,5
test18.mp4,5
test18.mp4,5
test18.mp4,5
test18.mp4,5
test18.mp4,0
test18.mp4,0
test18.mp4,0
test18.mp4,0
test18.mp4,0
test18.mp4,0
test18.mp4,0
test18.mp4,0
test18.mp4,0
test18.mp4,6
test18.mp4,6
test18.mp4,6
test18.mp4,6
test18.mp4,6
test18.mp4,6
test18.mp4,6
test18.mp4,6
test18.mp4,6
test18.mp4,6
test18.mp4,6
test18.mp4,6
test18.mp4,6
test18.mp4,6
test18.mp4,6
test18.mp4,6
test18.mp4,6
test18.mp4,6
test18.mp4,6
test18.mp4,6
test18.mp4,6
test18.mp4,0
test18.mp4,0
test18.mp4,7
test18.mp4,7
test18.mp4,7
test18.mp4,7
test18.mp4,7
test18.mp4,7
test18.mp4,7
test18.mp4,7
test18.mp4,7
test18.mp4,7
test18.mp4,7
test18.mp4,7
test18.mp4,7
test18.mp4,7
test18.mp4,7
test18.mp4,7
test18.mp4,7
test18.mp4,7
test18.mp4,7
test18.mp4,7
test18.mp4,7
test18.mp4,7
test18.mp4,7
test18.mp4,7
test18.mp4,7
test18.mp4,7
test18.mp4,7
test18.mp4,7
test18.mp4,7
test18.mp4,7
test18.mp4,7
test18.mp4,7
test18.mp4,7
test18.mp4,7
test18.mp4,7
test18.mp4,7
test18.mp4,7
test18.mp4,7
test18.mp4,7
test18.mp4,7
test18.mp4,7
test18.mp4,7
test18.mp4,7
test18.mp4,7
test18.mp4,7
test18.mp4,7
test18.mp4,7
test18.mp4,7
test18.mp4,7
test18.mp4,7
test18.mp4,7
test18.mp4,7
test18.mp4,7
test18.mp4,7
test18.mp4,7
test18.mp4,7
test18.mp4,7
test18.mp4,7
test18.mp4,7
test18.mp4,7
test18.mp4,7
test18.mp4,7
test18.mp4,7
test18.mp4,7
test18.mp4,7
test18.mp4,7
test18.mp4,7
test18.mp4,7
test18.mp4,7
test18.mp4,7
test18.mp4,7
test18.mp4,7
test18.mp4,7
test18.mp4,7
test18.mp4,7
test18.mp4,7
test18.mp4,7
test18.mp4,7
test18.mp4,7
test18.mp4,7
test18.mp4,7
test18.mp4,7
test18.mp4,7
test18.mp4,7
test18.mp4,7
test18.mp4,7
test18.mp4,7
test18.mp4,7
test18.mp4,0
test18.mp4,8
test18.mp4,8
test18.mp4,8
test18.mp4,8
test18.mp4,8
test18.mp4,8
test18.mp4,8
test18.mp4,8
test18.mp4,8
test18.mp4,8
test18.mp4,8
test18.mp4,8
test18.mp4,8
test18.mp4,8
test18.mp4,8
test18.mp4,8
test18.mp4,8
test18.mp4,8
test18.mp4,8
test18.mp4,8
test18.mp4,8
test18.mp4,8
test18.mp4,8
test18.mp4,8
test18.mp4,8
test18.mp4,8
test18.mp4,8
test18.mp4,8
test18.mp4,8
test18.mp4,8
test18.mp4,8
test18.mp4,8
test18.mp4,8
test18.mp4,8
test18.mp4,8
test18.mp4,8
test18.mp4,8
test18.mp4,8
test18.mp4,8
test18.mp4,8
test18.mp4,8
test18.mp4,8
test18.mp4,8
test18.mp4,8
test18.mp4,8
test18.mp4,8
test18.mp4,8
test18.mp4,8
test18.mp4,8
test18.mp4,8
test18.mp4,8
test18.mp4,8
test18.mp4,8
test18.mp4,8
test18.mp4,8
test18.mp4,8
test18.mp4,8
test18.mp4,8
test18.mp4,8
test18.mp4,0
test18.mp4,0
test18.mp4,0
test18.mp4,0
test18.mp4,0
test18.mp4,0
test18.mp4,0
test18.mp4,0
test18.mp4,0
test18.mp4,0
test18.mp4,0
test18.mp4,0
test18.mp4,0
test18.mp4,0
test18.mp4,0
test18.mp4,0
test18.mp4,0
test18.mp4,0
test18.mp4,0
test18.mp4,0
test18.mp4,10
test18.mp4,10
test18.mp4,10
test18.mp4,10
test18.mp4,10
test18.mp4,10
test18.mp4,10
test18.mp4,10
test18.mp4,10
test18.mp4,10
test18.mp4,10
test18.mp4,10
test18.mp4,10
test18.mp4,10
test18.mp4,10
test18.mp4,10
test18.mp4,10
test18.mp4,10
test18.mp4,10
test18.mp4,10
test18.mp4,10
test18.mp4,10
test18.mp4,10
test18.mp4,10
test18.mp4,10
test18.mp4,10
test18.mp4,10
test18.mp4,10
test18.mp4,10
test18.mp4,10
test18.mp4,10
test18.mp4,10
test18.mp4,10
test18.mp4,10
test18.mp4,10
test18.mp4,10
test18.mp4,10
test18.mp4,10
test18.mp4,10
test18.mp4,10
test18.mp4,10
test18.mp4,10
test18.mp4,10
test18.mp4,10
test18.mp4,10
test18.mp4,0
test18.mp4,0
test18.mp4,0
test18.mp4,0
test18.mp4,0
test18.mp4,0
test18.mp4,0
test18.mp4,0
test18.mp4,0
test18.mp4,0
test18.mp4,0
test18.mp4,0
test18.mp4,0
test18.mp4,0
test18.mp4,0
test18.mp4,0
test18.mp4,0
test18.mp4,0
test18.mp4,0
test18.mp4,0
test18.mp4,0
test18.mp4,0
test18.mp4,0
test18.mp4,0
test18.mp4,0
test18.mp4,0
test18.mp4,0
test18.mp4,0
test18.mp4,0
test18.mp4,0
test18.mp4,0
test18.mp4,0
test18.mp4,0
test18.mp4,0
test18.mp4,0
test18.mp4,0
test18.mp4,0
test18.mp4,0
test18.mp4,0
test18.mp4,0
test18.mp4,0
test18.mp4,0
test18.mp4,0
test18.mp4,0
test18.mp4,0
test18.mp4,0
test18.mp4,0
test18.mp4,0
test18.mp4,0
test18.mp4,0
test18.mp4,0
test18.mp4,0
test18.mp4,0
test18.mp4,0
test18.mp4,0
test18.mp4,0
test18.mp4,0
test18.mp4,0
test18.mp4,0
test18.mp4,0
test18.mp4,0
test18.mp4,0
test18.mp4,0
test18.mp4,0
test18.mp4,0
test18.mp4,0
test18.mp4,0
test18.mp4,0
test18.mp4,0
test18.mp4,0
test18.mp4,0
test18.mp4,0
test18.mp4,0
test18.mp4,0
test18.mp4,0
test18.mp4,0
test18.mp4,0
test18.mp4,0
test18.mp4,0
test18.mp4,0
test18.mp4,0
test18.mp4,0
test18.mp4,0
test18.mp4,0
test18.mp4,0
test18.mp4,0
test18.mp4,0
test18.mp4,0
test18.mp4,0
test18.mp4,0
test18.mp4,0
test18.mp4,0
test18.mp4,0
test18.mp4,0
test18.mp4,0
test18.mp4,0
test18.mp4,0
test18.mp4,0
test18.mp4,4
test18.mp4,4
test18.mp4,4
test18.mp4,4
test18.mp4,4
test18.mp4,4
test18.mp4,4
test18.mp4,4
test18.mp4,4
test18.mp4,4
test18.mp4,4
test18.mp4,0
test18.mp4,0
test18.mp4,0
test18.mp4,0
test18.mp4,0
test18.mp4,0
test18.mp4,0
test18.mp4,0
test18.mp4,0
test18.mp4,0
test18.mp4,0
test18.mp4,0
test18.mp4,0
test18.mp4,0
test18.mp4,0
test18.mp4,0
test18.mp4,0
test18.mp4,0
test18.mp4,0
test18.mp4,0
test18.mp4,0
test18.mp4,0
test18.mp4,0
test18.mp4,0
test18.mp4,0
test18.mp4,0
test18.mp4,0
test18.mp4,0
test18.mp4,0
test18.mp4,13
test18.mp4,13
test18.mp4,13
test18.mp4,13
test18.mp4,13
test18.mp4,13
test18.mp4,13
test18.mp4,13
test18.mp4,13
test18.mp4,13
test18.mp4,13
test18.mp4,13
test18.mp4,13
test18.mp4,13
test18.mp4,13
test18.mp4,13
test18.mp4,13
test18.mp4,13
test18.mp4,13
test18.mp4,13
test18.mp4,13
test18.mp4,13
test18.mp4,13
test18.mp4,13
test18.mp4,13
test18.mp4,0
test18.mp4,0
test18.mp4,14
test18.mp4,14
test18.mp4,14
test18.mp4,14
test18.mp4,14
test18.mp4,14
test18.mp4,14
test18.mp4,14
test18.mp4,14
test18.mp4,0
test18.mp4,0
test18.mp4,0
test18.mp4,0
test18.mp4,0
test18.mp4,0
test18.mp4,0
test18.mp4,0
test18.mp4,15
test18.mp4,15
test18.mp4,15
test18.mp4,15
test18.mp4,15
test18.mp4,15
test18.mp4,15
test18.mp4,15
test18.mp4,15
test18.mp4,15
test18.mp4,15
test18.mp4,15
test18.mp4,15
test18.mp4,15
test18.mp4,15
test18.mp4,15
test18.mp4,15
test18.mp4,15
test18.mp4,15
test18.mp4,15
test18.mp4,15
test18.mp4,15
test18.mp4,15
test18.mp4,15
test18.mp4,15
test18.mp4,15
test18.mp4,15
test18.mp4,15
test18.mp4,15
test18.mp4,15
test18.mp4,15
test18.mp4,15
test18.mp4,15
test18.mp4,15
test18.mp4,15
test18.mp4,15
test18.mp4,15
test18.mp4,15
test18.mp4,15
test18.mp4,15
test18.mp4,15
test18.mp4,15
test18.mp4,15
test18.mp4,15
test18.mp4,15
test18.mp4,15
test18.mp4,15
test18.mp4,15
test18.mp4,15
test18.mp4,15
test18.mp4,15
test18.mp4,15
test18.mp4,15
test18.mp4,15
test18.mp4,15
test18.mp4,15
test18.mp4,15
test18.mp4,15
test18.mp4,15
test18.mp4,15
test18.mp4,0
test18.mp4,0
test18.mp4,0
test18.mp4,0
test18.mp4,0
test18.mp4,0
test18.mp4,0
test18.mp4,0
test18.mp4,0
test18.mp4,0
test18.mp4,0
test18.mp4,0
test18.mp4,0
test18.mp4,0
test18.mp4,0
test18.mp4,0
test18.mp4,0
test18.mp4,0
test18.mp4,18
test18.mp4,18
test18.mp4,18
test18.mp4,18
test18.mp4,18
test18.mp4,18
test18.mp4,18
test18.mp4,18
test18.mp4,18
test18.mp4,18
test18.mp4,18
test18.mp4,18
test18.mp4,18
test18.mp4,18
test18.mp4,18
test18.mp4,18
test18.mp4,18
test18.mp4,18
test18.mp4,18
test18.mp4,18
test18.mp4,18
test18.mp4,18
test18.mp4,18
test18.mp4,18
test18.mp4,18
test18.mp4,18
test18.mp4,18
test18.mp4,18
test18.mp4,18
test18.mp4,18
test18.mp4,18
test18.mp4,18
test18.mp4,18
test18.mp4,18
test18.mp4,18
test18.mp4,18
test18.mp4,18
test18.mp4,18
test18.mp4,18
test18.mp4,18
test18.mp4,18
test18.mp4,18
test18.mp4,18
test18.mp4,18
test18.mp4,18
test18.mp4,18
test18.mp4,18
test18.mp4,18
test18.mp4,18
test18.mp4,18
test18.mp4,18
test18.mp4,18
test18.mp4,18
test18.mp4,18
test18.mp4,18
test18.mp4,18
test18.mp4,18
test18.mp4,18
test18.mp4,18
test18.mp4,18
test18.mp4,18
test18.mp4,18
test18.mp4,18
test18.mp4,18
test18.mp4,0
test18.mp4,0
test18.mp4,0
test19.mp4,0
test19.mp4,0
test19.mp4,0
test19.mp4,0
test19.mp4,0
test19.mp4,0
test19.mp4,0
test19.mp4,0
test19.mp4,0
test19.mp4,0
test19.mp4,0
test19.mp4,0
test19.mp4,0
test19.mp4,0
test19.mp4,0
test19.mp4,0
test19.mp4,0
test19.mp4,0
test19.mp4,0
test19.mp4,0
test19.mp4,0
test19.mp4,0
test19.mp4,0
test19.mp4,0
test19.mp4,3
test19.mp4,3
test19.mp4,3
test19.mp4,3
test19.mp4,3
test19.mp4,3
test19.mp4,3
test19.mp4,3
test19.mp4,3
test19.mp4,3
test19.mp4,3
test19.mp4,3
test19.mp4,3
test19.mp4,3
test19.mp4,3
test19.mp4,3
test19.mp4,3
test19.mp4,3
test19.mp4,3
test19.mp4,3
test19.mp4,3
test19.mp4,3
test19.mp4,3
test19.mp4,0
test19.mp4,0
test19.mp4,0
test19.mp4,4
test19.mp4,4
test19.mp4,4
test19.mp4,4
test19.mp4,4
test19.mp4,4
test19.mp4,4
test19.mp4,4
test19.mp4,4
test19.mp4,4
test19.mp4,4
test19.mp4,4
test19.mp4,4
test19.mp4,4
test19.mp4,4
test19.mp4,4
test19.mp4,4
test19.mp4,4
test19.mp4,4
test19.mp4,4
test19.mp4,4
test19.mp4,4
test19.mp4,4
test19.mp4,4
test19.mp4,4
test19.mp4,0
test19.mp4,0
test19.mp4,0
test19.mp4,2
test19.mp4,2
test19.mp4,2
test19.mp4,2
test19.mp4,2
test19.mp4,2
test19.mp4,2
test19.mp4,2
test19.mp4,2
test19.mp4,2
test19.mp4,2
test19.mp4,2
test19.mp4,2
test19.mp4,2
test19.mp4,2
test19.mp4,0
test19.mp4,0
test19.mp4,4
test19.mp4,4
test19.mp4,4
test19.mp4,4
test19.mp4,0
test19.mp4,0
test19.mp4,2
test19.mp4,2
test19.mp4,2
test19.mp4,2
test19.mp4,2
test19.mp4,2
test19.mp4,2
test19.mp4,2
test19.mp4,2
test19.mp4,2
test19.mp4,2
test19.mp4,2
test19.mp4,2
test19.mp4,2
test19.mp4,2
test19.mp4,2
test19.mp4,2
test19.mp4,2
test19.mp4,2
test19.mp4,2
test19.mp4,0
test19.mp4,0
test19.mp4,4
test19.mp4,4
test19.mp4,4
test19.mp4,0
test19.mp4,0
test19.mp4,0
test19.mp4,0
test19.mp4,2
test19.mp4,2
test19.mp4,2
test19.mp4,2
test19.mp4,2
test19.mp4,2
test19.mp4,2
test19.mp4,2
test19.mp4,2
test19.mp4,2
test19.mp4,2
test19.mp4,2
test19.mp4,2
test19.mp4,2
test19.mp4,2
test19.mp4,2
test19.mp4,2
test19.mp4,2
test19.mp4,2
test19.mp4,2
test19.mp4,2
test19.mp4,2
test19.mp4,2
test19.mp4,2
test19.mp4,2
test19.mp4,2
test19.mp4,2
test19.mp4,2
test19.mp4,2
test19.mp4,2
test19.mp4,2
test19.mp4,2
test19.mp4,2
test19.mp4,2
test19.mp4,2
test19.mp4,2
test19.mp4,2
test19.mp4,2
test19.mp4,2
test19.mp4,2
test19.mp4,2
test19.mp4,2
test19.mp4,2
test19.mp4,2
test19.mp4,2
test19.mp4,2
test19.mp4,2
test19.mp4,2
test19.mp4,2
test19.mp4,2
test19.mp4,2
test19.mp4,2
test19.mp4,2
test19.mp4,2
test19.mp4,2
test19.mp4,2
test19.mp4,0
test19.mp4,0
test19.mp4,0
test19.mp4,0
test19.mp4,5
test19.mp4,5
test19.mp4,5
test19.mp4,5
test19.mp4,5
test19.mp4,5
test19.mp4,5
test19.mp4,5
test19.mp4,5
test19.mp4,0
test19.mp4,0
test19.mp4,4
test19.mp4,4
test19.mp4,4
test19.mp4,4
test19.mp4,0
test19.mp4,0
test19.mp4,0
test19.mp4,0
test19.mp4,0
test19.mp4,0
test19.mp4,0
test19.mp4,5
test19.mp4,5
test19.mp4,5
test19.mp4,5
test19.mp4,5
test19.mp4,5
test19.mp4,5
test19.mp4,5
test19.mp4,5
test19.mp4,5
test19.mp4,5
test19.mp4,5
test19.mp4,5
test19.mp4,5
test19.mp4,5
test19.mp4,5
test19.mp4,5
test19.mp4,5
test19.mp4,5
test19.mp4,5
test19.mp4,5
test19.mp4,5
test19.mp4,5
test19.mp4,5
test19.mp4,5
test19.mp4,5
test19.mp4,5
test19.mp4,0
test19.mp4,6
test19.mp4,6
test19.mp4,6
test19.mp4,6
test19.mp4,6
test19.mp4,6
test19.mp4,6
test19.mp4,6
test19.mp4,6
test19.mp4,0
test19.mp4,0
test19.mp4,0
test19.mp4,0
test19.mp4,0
test19.mp4,0
test19.mp4,0
test19.mp4,0
test19.mp4,0
test19.mp4,0
test19.mp4,0
test19.mp4,0
test19.mp4,0
test19.mp4,0
test19.mp4,7
test19.mp4,7
test19.mp4,7
test19.mp4,7
test19.mp4,7
test19.mp4,7
test19.mp4,7
test19.mp4,7
test19.mp4,7
test19.mp4,7
test19.mp4,7
test19.mp4,7
test19.mp4,7
test19.mp4,7
test19.mp4,7
test19.mp4,7
test19.mp4,7
test19.mp4,7
test19.mp4,7
test19.mp4,7
test19.mp4,7
test19.mp4,7
test19.mp4,7
test19.mp4,7
test19.mp4,7
test19.mp4,7
test19.mp4,7
test19.mp4,8
test19.mp4,8
test19.mp4,8
test19.mp4,8
test19.mp4,8
test19.mp4,8
test19.mp4,8
test19.mp4,8
test19.mp4,8
test19.mp4,8
test19.mp4,8
test19.mp4,8
test19.mp4,8
test19.mp4,8
test19.mp4,8
test19.mp4,8
test19.mp4,8
test19.mp4,8
test19.mp4,8
test19.mp4,8
test19.mp4,8
test19.mp4,8
test19.mp4,8
test19.mp4,8
test19.mp4,8
test19.mp4,8
test19.mp4,8
test19.mp4,8
test19.mp4,8
test19.mp4,8
test19.mp4,8
test19.mp4,8
test19.mp4,8
test19.mp4,8
test19.mp4,8
test19.mp4,8
test19.mp4,8
test19.mp4,8
test19.mp4,8
test19.mp4,8
test19.mp4,8
test19.mp4,8
test19.mp4,8
test19.mp4,8
test19.mp4,8
test19.mp4,8
test19.mp4,8
test19.mp4,8
test19.mp4,8
test19.mp4,8
test19.mp4,8
test19.mp4,8
test19.mp4,8
test19.mp4,8
test19.mp4,8
test19.mp4,8
test19.mp4,8
test19.mp4,8
test19.mp4,8
test19.mp4,8
test19.mp4,8
test19.mp4,8
test19.mp4,8
test19.mp4,8
test19.mp4,8
test19.mp4,8
test19.mp4,8
test19.mp4,8
test19.mp4,8
test19.mp4,8
test19.mp4,8
test19.mp4,8
test19.mp4,8
test19.mp4,8
test19.mp4,8
test19.mp4,8
test19.mp4,8
test19.mp4,8
test19.mp4,8
test19.mp4,8
test19.mp4,8
test19.mp4,8
test19.mp4,8
test19.mp4,8
test19.mp4,8
test19.mp4,8
test19.mp4,8
test19.mp4,8
test19.mp4,0
test19.mp4,0
test19.mp4,0
test19.mp4,0
test19.mp4,0
test19.mp4,0
test19.mp4,0
test19.mp4,0
test19.mp4,0
test19.mp4,0
test19.mp4,0
test19.mp4,0
test19.mp4,0
test19.mp4,0
test19.mp4,0
test19.mp4,0
test19.mp4,0
test19.mp4,0
test19.mp4,0
test19.mp4,0
test19.mp4,10
test19.mp4,10
test19.mp4,10
test19.mp4,10
test19.mp4,10
test19.mp4,10
test19.mp4,10
test19.mp4,10
test19.mp4,10
test19.mp4,10
test19.mp4,10
test19.mp4,10
test19.mp4,10
test19.mp4,10
test19.mp4,10
test19.mp4,10
test19.mp4,10
test19.mp4,10
test19.mp4,10
test19.mp4,10
test19.mp4,10
test19.mp4,10
test19.mp4,10
test19.mp4,10
test19.mp4,10
test19.mp4,10
test19.mp4,10
test19.mp4,10
test19.mp4,10
test19.mp4,10
test19.mp4,10
test19.mp4,10
test19.mp4,10
test19.mp4,10
test19.mp4,10
test19.mp4,10
test19.mp4,10
test19.mp4,10
test19.mp4,10
test19.mp4,10
test19.mp4,10
test19.mp4,10
test19.mp4,10
test19.mp4,10
test19.mp4,10
test19.mp4,10
test19.mp4,10
test19.mp4,10
test19.mp4,10
test19.mp4,10
test19.mp4,10
test19.mp4,10
test19.mp4,10
test19.mp4,10
test19.mp4,10
test19.mp4,10
test19.mp4,10
test19.mp4,10
test19.mp4,10
test19.mp4,10
test19.mp4,10
test19.mp4,10
test19.mp4,10
test19.mp4,10
test19.mp4,10
test19.mp4,10
test19.mp4,10
test19.mp4,10
test19.mp4,10
test19.mp4,10
test19.mp4,10
test19.mp4,10
test19.mp4,10
test19.mp4,10
test19.mp4,10
test19.mp4,10
test19.mp4,10
test19.mp4,0
test19.mp4,0
test19.mp4,0
test19.mp4,0
test19.mp4,0
test19.mp4,4
test19.mp4,4
test19.mp4,4
test19.mp4,4
test19.mp4,4
test19.mp4,4
test19.mp4,4
test19.mp4,0
test19.mp4,0
test19.mp4,0
test19.mp4,0
test19.mp4,0
test19.mp4,0
test19.mp4,0
test19.mp4,0
test19.mp4,0
test19.mp4,0
test19.mp4,0
test19.mp4,0
test19.mp4,0
test19.mp4,0
test19.mp4,0
test19.mp4,0
test19.mp4,0
test19.mp4,0
test19.mp4,0
test19.mp4,0
test19.mp4,0
test19.mp4,0
test19.mp4,0
test19.mp4,0
test19.mp4,0
test19.mp4,0
test19.mp4,0
test19.mp4,0
test19.mp4,0
test19.mp4,0
test19.mp4,0
test19.mp4,0
test19.mp4,0
test19.mp4,0
test19.mp4,0
test19.mp4,0
test19.mp4,0
test19.mp4,11
test19.mp4,11
test19.mp4,11
test19.mp4,11
test19.mp4,11
test19.mp4,11
test19.mp4,11
test19.mp4,11
test19.mp4,11
test19.mp4,11
test19.mp4,11
test19.mp4,11
test19.mp4,11
test19.mp4,11
test19.mp4,13
test19.mp4,13
test19.mp4,13
test19.mp4,13
test19.mp4,13
test19.mp4,13
test19.mp4,13
test19.mp4,13
test19.mp4,13
test19.mp4,13
test19.mp4,13
test19.mp4,13
test19.mp4,13
test19.mp4,13
test19.mp4,13
test19.mp4,0
test19.mp4,0
test19.mp4,0
test19.mp4,14
test19.mp4,14
test19.mp4,14
test19.mp4,14
test19.mp4,14
test19.mp4,14
test19.mp4,14
test19.mp4,14
test19.mp4,14
test19.mp4,0
test19.mp4,0
test19.mp4,0
test19.mp4,0
test19.mp4,0
test19.mp4,0
test19.mp4,15
test19.mp4,15
test19.mp4,15
test19.mp4,15
test19.mp4,15
test19.mp4,15
test19.mp4,15
test19.mp4,15
test19.mp4,15
test19.mp4,15
test19.mp4,15
test19.mp4,15
test19.mp4,15
test19.mp4,15
test19.mp4,15
test19.mp4,15
test19.mp4,15
test19.mp4,15
test19.mp4,15
test19.mp4,15
test19.mp4,15
test19.mp4,15
test19.mp4,15
test19.mp4,15
test19.mp4,15
test19.mp4,15
test19.mp4,15
test19.mp4,15
test19.mp4,15
test19.mp4,15
test19.mp4,15
test19.mp4,0
test19.mp4,0
test19.mp4,0
test19.mp4,0
test19.mp4,0
test19.mp4,0
test19.mp4,0
test19.mp4,0
test19.mp4,0
test19.mp4,18
test19.mp4,18
test19.mp4,18
test19.mp4,18
test19.mp4,18
test19.mp4,18
test19.mp4,18
test19.mp4,18
test19.mp4,18
test19.mp4,18
test19.mp4,18
test19.mp4,18
test19.mp4,0
test19.mp4,0
test19.mp4,0
test19.mp4,0
test19.mp4,0
test19.mp4,0
test19.mp4,0
test19.mp4,0
test19.mp4,0
test19.mp4,0
test19.mp4,0
test19.mp4,0
test19.mp4,0
test19.mp4,0
test19.mp4,0
test19.mp4,0
test19.mp4,0
test19.mp4,16
test19.mp4,16
test19.mp4,16
test19.mp4,16
test19.mp4,16
test19.mp4,16
test19.mp4,16
test19.mp4,16
test19.mp4,16
test19.mp4,16
test19.mp4,16
test19.mp4,16
test19.mp4,16
test19.mp4,16
test19.mp4,16
test19.mp4,16
test19.mp4,16
test19.mp4,16
test19.mp4,16
test19.mp4,16
test19.mp4,16
test19.mp4,16
test19.mp4,16
test19.mp4,16
test19.mp4,16
test19.mp4,16
test19.mp4,16
test19.mp4,16
test19.mp4,16
test19.mp4,16
test19.mp4,16
test19.mp4,16
test19.mp4,16
test19.mp4,16
test19.mp4,16
test19.mp4,16
test19.mp4,16
test19.mp4,16
test19.mp4,16
test19.mp4,16
test19.mp4,16
test19.mp4,16
test19.mp4,16
test19.mp4,16
test19.mp4,16
test19.mp4,16
test19.mp4,16
test19.mp4,16
test19.mp4,16
test19.mp4,16
test19.mp4,16
test19.mp4,16
test19.mp4,16
test19.mp4,16
test19.mp4,16
test19.mp4,16
test19.mp4,16
test19.mp4,16
test19.mp4,16
test19.mp4,16
test19.mp4,16
test19.mp4,16
test19.mp4,16
test19.mp4,16
test19.mp4,16
test19.mp4,16
test19.mp4,16
test19.mp4,16
test19.mp4,16
test19.mp4,16
test19.mp4,0
test19.mp4,0
test19.mp4,0
test19.mp4,0
test19.mp4,0
test19.mp4,0
test19.mp4,0
test19.mp4,18
test19.mp4,18
test19.mp4,18
test19.mp4,18
test19.mp4,18
test19.mp4,18
test19.mp4,18
test19.mp4,18
test19.mp4,18
test19.mp4,18
test19.mp4,18
test19.mp4,18
test19.mp4,0
test19.mp4,0
test19.mp4,0
test19.mp4,0
test20.mp4,0
test20.mp4,0
test20.mp4,0
test20.mp4,0
test20.mp4,0
test20.mp4,0
test20.mp4,0
test20.mp4,3
test20.mp4,3
test20.mp4,3
test20.mp4,3
test20.mp4,3
test20.mp4,3
test20.mp4,3
test20.mp4,3
test20.mp4,3
test20.mp4,3
test20.mp4,3
test20.mp4,3
test20.mp4,3
test20.mp4,3
test20.mp4,3
test20.mp4,3
test20.mp4,0
test20.mp4,0
test20.mp4,4
test20.mp4,4
test20.mp4,4
test20.mp4,4
test20.mp4,4
test20.mp4,0
test20.mp4,0
test20.mp4,0
test20.mp4,0
test20.mp4,0
test20.mp4,0
test20.mp4,0
test20.mp4,0
test20.mp4,0
test20.mp4,0
test20.mp4,0
test20.mp4,0
test20.mp4,0
test20.mp4,0
test20.mp4,5
test20.mp4,5
test20.mp4,5
test20.mp4,5
test20.mp4,5
test20.mp4,5
test20.mp4,5
test20.mp4,5
test20.mp4,5
test20.mp4,5
test20.mp4,5
test20.mp4,5
test20.mp4,5
test20.mp4,5
test20.mp4,5
test20.mp4,5
test20.mp4,5
test20.mp4,5
test20.mp4,5
test20.mp4,5
test20.mp4,5
test20.mp4,5
test20.mp4,0
test20.mp4,0
test20.mp4,0
test20.mp4,6
test20.mp4,6
test20.mp4,6
test20.mp4,6
test20.mp4,6
test20.mp4,6
test20.mp4,6
test20.mp4,6
test20.mp4,6
test20.mp4,6
test20.mp4,6
test20.mp4,6
test20.mp4,6
test20.mp4,6
test20.mp4,0
test20.mp4,0
test20.mp4,0
test20.mp4,0
test20.mp4,0
test20.mp4,0
test20.mp4,0
test20.mp4,0
test20.mp4,0
test20.mp4,0
test20.mp4,0
test20.mp4,7
test20.mp4,7
test20.mp4,7
test20.mp4,7
test20.mp4,7
test20.mp4,7
test20.mp4,7
test20.mp4,7
test20.mp4,7
test20.mp4,7
test20.mp4,7
test20.mp4,7
test20.mp4,7
test20.mp4,7
test20.mp4,7
test20.mp4,7
test20.mp4,7
test20.mp4,0
test20.mp4,0
test20.mp4,0
test20.mp4,0
test20.mp4,0
test20.mp4,3
test20.mp4,3
test20.mp4,3
test20.mp4,3
test20.mp4,3
test20.mp4,3
test20.mp4,0
test20.mp4,7
test20.mp4,7
test20.mp4,7
test20.mp4,7
test20.mp4,7
test20.mp4,7
test20.mp4,7
test20.mp4,7
test20.mp4,7
test20.mp4,7
test20.mp4,7
test20.mp4,7
test20.mp4,7
test20.mp4,7
test20.mp4,7
test20.mp4,7
test20.mp4,7
test20.mp4,7
test20.mp4,7
test20.mp4,7
test20.mp4,7
test20.mp4,7
test20.mp4,7
test20.mp4,7
test20.mp4,7
test20.mp4,7
test20.mp4,7
test20.mp4,7
test20.mp4,7
test20.mp4,7
test20.mp4,7
test20.mp4,7
test20.mp4,7
test20.mp4,7
test20.mp4,7
test20.mp4,7
test20.mp4,7
test20.mp4,7
test20.mp4,7
test20.mp4,7
test20.mp4,7
test20.mp4,7
test20.mp4,7
test20.mp4,0
test20.mp4,0
test20.mp4,8
test20.mp4,8
test20.mp4,8
test20.mp4,8
test20.mp4,8
test20.mp4,8
test20.mp4,8
test20.mp4,8
test20.mp4,8
test20.mp4,8
test20.mp4,8
test20.mp4,8
test20.mp4,8
test20.mp4,8
test20.mp4,8
test20.mp4,8
test20.mp4,8
test20.mp4,8
test20.mp4,8
test20.mp4,8
test20.mp4,8
test20.mp4,8
test20.mp4,8
test20.mp4,8
test20.mp4,8
test20.mp4,8
test20.mp4,8
test20.mp4,8
test20.mp4,8
test20.mp4,8
test20.mp4,8
test20.mp4,8
test20.mp4,8
test20.mp4,8
test20.mp4,8
test20.mp4,8
test20.mp4,8
test20.mp4,8
test20.mp4,8
test20.mp4,8
test20.mp4,8
test20.mp4,8
test20.mp4,8
test20.mp4,8
test20.mp4,8
test20.mp4,8
test20.mp4,8
test20.mp4,8
test20.mp4,8
test20.mp4,8
test20.mp4,8
test20.mp4,8
test20.mp4,8
test20.mp4,8
test20.mp4,8
test20.mp4,8
test20.mp4,8
test20.mp4,8
test20.mp4,8
test20.mp4,8
test20.mp4,8
test20.mp4,8
test20.mp4,8
test20.mp4,8
test20.mp4,8
test20.mp4,8
test20.mp4,8
test20.mp4,8
test20.mp4,8
test20.mp4,8
test20.mp4,8
test20.mp4,8
test20.mp4,8
test20.mp4,8
test20.mp4,8
test20.mp4,8
test20.mp4,8
test20.mp4,8
test20.mp4,8
test20.mp4,8
test20.mp4,8
test20.mp4,8
test20.mp4,8
test20.mp4,8
test20.mp4,8
test20.mp4,8
test20.mp4,8
test20.mp4,8
test20.mp4,8
test20.mp4,8
test20.mp4,8
test20.mp4,8
test20.mp4,8
test20.mp4,8
test20.mp4,8
test20.mp4,8
test20.mp4,8
test20.mp4,8
test20.mp4,8
test20.mp4,8
test20.mp4,8
test20.mp4,8
test20.mp4,8
test20.mp4,8
test20.mp4,8
test20.mp4,0
test20.mp4,0
test20.mp4,0
test20.mp4,0
test20.mp4,0
test20.mp4,0
test20.mp4,0
test20.mp4,0
test20.mp4,0
test20.mp4,0
test20.mp4,0
test20.mp4,0
test20.mp4,0
test20.mp4,0
test20.mp4,0
test20.mp4,10
test20.mp4,10
test20.mp4,10
test20.mp4,10
test20.mp4,10
test20.mp4,10
test20.mp4,10
test20.mp4,10
test20.mp4,10
test20.mp4,10
test20.mp4,10
test20.mp4,10
test20.mp4,10
test20.mp4,10
test20.mp4,10
test20.mp4,10
test20.mp4,10
test20.mp4,10
test20.mp4,10
test20.mp4,10
test20.mp4,10
test20.mp4,10
test20.mp4,10
test20.mp4,10
test20.mp4,10
test20.mp4,10
test20.mp4,10
test20.mp4,10
test20.mp4,10
test20.mp4,10
test20.mp4,10
test20.mp4,10
test20.mp4,10
test20.mp4,10
test20.mp4,10
test20.mp4,10
test20.mp4,10
test20.mp4,10
test20.mp4,10
test20.mp4,10
test20.mp4,10
test20.mp4,10
test20.mp4,10
test20.mp4,10
test20.mp4,10
test20.mp4,10
test20.mp4,10
test20.mp4,10
test20.mp4,10
test20.mp4,10
test20.mp4,10
test20.mp4,10
test20.mp4,10
test20.mp4,10
test20.mp4,10
test20.mp4,10
test20.mp4,10
test20.mp4,10
test20.mp4,10
test20.mp4,10
test20.mp4,10
test20.mp4,10
test20.mp4,10
test20.mp4,10
test20.mp4,10
test20.mp4,10
test20.mp4,10
test20.mp4,10
test20.mp4,10
test20.mp4,10
test20.mp4,10
test20.mp4,10
test20.mp4,10
test20.mp4,10
test20.mp4,10
test20.mp4,10
test20.mp4,10
test20.mp4,10
test20.mp4,10
test20.mp4,10
test20.mp4,10
test20.mp4,10
test20.mp4,10
test20.mp4,10
test20.mp4,10
test20.mp4,10
test20.mp4,10
test20.mp4,10
test20.mp4,10
test20.mp4,10
test20.mp4,10
test20.mp4,10
test20.mp4,10
test20.mp4,10
test20.mp4,10
test20.mp4,10
test20.mp4,10
test20.mp4,0
test20.mp4,0
test20.mp4,0
test20.mp4,0
test20.mp4,0
test20.mp4,0
test20.mp4,0
test20.mp4,0
test20.mp4,0
test20.mp4,4
test20.mp4,4
test20.mp4,4
test20.mp4,4
test20.mp4,4
test20.mp4,4
test20.mp4,4
test20.mp4,4
test20.mp4,4
test20.mp4,4
test20.mp4,4
test20.mp4,0
test20.mp4,0
test20.mp4,0
test20.mp4,0
test20.mp4,0
test20.mp4,0
test20.mp4,0
test20.mp4,0
test20.mp4,0
test20.mp4,0
test20.mp4,0
test20.mp4,0
test20.mp4,0
test20.mp4,0
test20.mp4,0
test20.mp4,0
test20.mp4,0
test20.mp4,0
test20.mp4,0
test20.mp4,0
test20.mp4,0
test20.mp4,0
test20.mp4,0
test20.mp4,0
test20.mp4,0
test20.mp4,0
test20.mp4,0
test20.mp4,0
test20.mp4,11
test20.mp4,11
test20.mp4,11
test20.mp4,11
test20.mp4,13
test20.mp4,13
test20.mp4,13
test20.mp4,13
test20.mp4,13
test20.mp4,13
test20.mp4,13
test20.mp4,0
test20.mp4,0
test20.mp4,0
test20.mp4,0
test20.mp4,0
test20.mp4,0
test20.mp4,0
test20.mp4,14
test20.mp4,14
test20.mp4,14
test20.mp4,14
test20.mp4,14
test20.mp4,14
test20.mp4,0
test20.mp4,0
test20.mp4,15
test20.mp4,15
test20.mp4,15
test20.mp4,15
test20.mp4,15
test20.mp4,15
test20.mp4,15
test20.mp4,15
test20.mp4,15
test20.mp4,15
test20.mp4,15
test20.mp4,15
test20.mp4,15
test20.mp4,15
test20.mp4,15
test20.mp4,15
test20.mp4,15
test20.mp4,15
test20.mp4,15
test20.mp4,15
test20.mp4,15
test20.mp4,15
test20.mp4,15
test20.mp4,15
test20.mp4,15
test20.mp4,15
test20.mp4,15
test20.mp4,15
test20.mp4,15
test20.mp4,15
test20.mp4,15
test20.mp4,15
test20.mp4,15
test20.mp4,15
test20.mp4,15
test20.mp4,15
test20.mp4,15
test20.mp4,15
test20.mp4,15
test20.mp4,15
test20.mp4,0
test20.mp4,0
test20.mp4,0
test20.mp4,0
test20.mp4,0
test20.mp4,0
test20.mp4,0
test20.mp4,18
test20.mp4,18
test20.mp4,18
test20.mp4,18
test20.mp4,18
test20.mp4,18
test20.mp4,18
test20.mp4,18
test20.mp4,18
test20.mp4,18
test20.mp4,18
test20.mp4,18
test20.mp4,18
test20.mp4,18
test20.mp4,18
test20.mp4,18
test20.mp4,18
test20.mp4,18
test20.mp4,18
test20.mp4,18
test20.mp4,18
test20.mp4,18
test20.mp4,18
test20.mp4,18
test20.mp4,0
test20.mp4,0
test20.mp4,0
test20.mp4,0
test21.mp4,0
test21.mp4,0
test21.mp4,0
test21.mp4,0
test21.mp4,3
test21.mp4,3
test21.mp4,3
test21.mp4,3
test21.mp4,3
test21.mp4,3
test21.mp4,3
test21.mp4,3
test21.mp4,3
test21.mp4,3
test21.mp4,3
test21.mp4,3
test21.mp4,3
test21.mp4,3
test21.mp4,3
test21.mp4,3
test21.mp4,3
test21.mp4,3
test21.mp4,0
test21.mp4,0
test21.mp4,0
test21.mp4,4
test21.mp4,4
test21.mp4,4
test21.mp4,4
test21.mp4,4
test21.mp4,0
test21.mp4,0
test21.mp4,5
test21.mp4,5
test21.mp4,5
test21.mp4,5
test21.mp4,5
test21.mp4,5
test21.mp4,5
test21.mp4,5
test21.mp4,5
test21.mp4,5
test21.mp4,5
test21.mp4,5
test21.mp4,5
test21.mp4,5
test21.mp4,5
test21.mp4,5
test21.mp4,5
test21.mp4,5
test21.mp4,5
test21.mp4,5
test21.mp4,5
test21.mp4,5
test21.mp4,5
test21.mp4,5
test21.mp4,5
test21.mp4,5
test21.mp4,5
test21.mp4,5
test21.mp4,5
test21.mp4,5
test21.mp4,5
test21.mp4,5
test21.mp4,5
test21.mp4,5
test21.mp4,5
test21.mp4,5
test21.mp4,5
test21.mp4,5
test21.mp4,5
test21.mp4,0
test21.mp4,0
test21.mp4,6
test21.mp4,6
test21.mp4,6
test21.mp4,6
test21.mp4,6
test21.mp4,6
test21.mp4,6
test21.mp4,6
test21.mp4,6
test21.mp4,0
test21.mp4,0
test21.mp4,0
test21.mp4,7
test21.mp4,7
test21.mp4,7
test21.mp4,7
test21.mp4,7
test21.mp4,7
test21.mp4,7
test21.mp4,7
test21.mp4,7
test21.mp4,7
test21.mp4,7
test21.mp4,7
test21.mp4,7
test21.mp4,7
test21.mp4,7
test21.mp4,7
test21.mp4,7
test21.mp4,7
test21.mp4,7
test21.mp4,7
test21.mp4,7
test21.mp4,7
test21.mp4,7
test21.mp4,7
test21.mp4,7
test21.mp4,7
test21.mp4,7
test21.mp4,7
test21.mp4,7
test21.mp4,7
test21.mp4,7
test21.mp4,7
test21.mp4,7
test21.mp4,7
test21.mp4,7
test21.mp4,7
test21.mp4,7
test21.mp4,7
test21.mp4,7
test21.mp4,7
test21.mp4,7
test21.mp4,7
test21.mp4,7
test21.mp4,7
test21.mp4,7
test21.mp4,7
test21.mp4,0
test21.mp4,8
test21.mp4,8
test21.mp4,8
test21.mp4,8
test21.mp4,8
test21.mp4,8
test21.mp4,8
test21.mp4,8
test21.mp4,8
test21.mp4,8
test21.mp4,8
test21.mp4,8
test21.mp4,8
test21.mp4,8
test21.mp4,8
test21.mp4,8
test21.mp4,8
test21.mp4,8
test21.mp4,8
test21.mp4,8
test21.mp4,8
test21.mp4,8
test21.mp4,8
test21.mp4,8
test21.mp4,8
test21.mp4,8
test21.mp4,8
test21.mp4,8
test21.mp4,8
test21.mp4,8
test21.mp4,8
test21.mp4,8
test21.mp4,8
test21.mp4,8
test21.mp4,8
test21.mp4,8
test21.mp4,8
test21.mp4,8
test21.mp4,8
test21.mp4,8
test21.mp4,8
test21.mp4,8
test21.mp4,8
test21.mp4,8
test21.mp4,8
test21.mp4,8
test21.mp4,8
test21.mp4,8
test21.mp4,8
test21.mp4,8
test21.mp4,8
test21.mp4,8
test21.mp4,8
test21.mp4,8
test21.mp4,8
test21.mp4,8
test21.mp4,8
test21.mp4,8
test21.mp4,8
test21.mp4,8
test21.mp4,8
test21.mp4,8
test21.mp4,8
test21.mp4,8
test21.mp4,8
test21.mp4,8
test21.mp4,8
test21.mp4,8
test21.mp4,8
test21.mp4,8
test21.mp4,8
test21.mp4,8
test21.mp4,8
test21.mp4,8
test21.mp4,8
test21.mp4,0
test21.mp4,0
test21.mp4,0
test21.mp4,0
test21.mp4,0
test21.mp4,0
test21.mp4,0
test21.mp4,0
test21.mp4,0
test21.mp4,0
test21.mp4,0
test21.mp4,0
test21.mp4,0
test21.mp4,0
test21.mp4,0
test21.mp4,0
test21.mp4,0
test21.mp4,0
test21.mp4,0
test21.mp4,0
test21.mp4,0
test21.mp4,0
test21.mp4,0
test21.mp4,0
test21.mp4,10
test21.mp4,10
test21.mp4,10
test21.mp4,10
test21.mp4,10
test21.mp4,10
test21.mp4,10
test21.mp4,10
test21.mp4,10
test21.mp4,10
test21.mp4,10
test21.mp4,10
test21.mp4,10
test21.mp4,10
test21.mp4,10
test21.mp4,10
test21.mp4,10
test21.mp4,10
test21.mp4,10
test21.mp4,10
test21.mp4,10
test21.mp4,10
test21.mp4,10
test21.mp4,10
test21.mp4,10
test21.mp4,10
test21.mp4,10
test21.mp4,10
test21.mp4,10
test21.mp4,10
test21.mp4,10
test21.mp4,10
test21.mp4,10
test21.mp4,10
test21.mp4,10
test21.mp4,10
test21.mp4,10
test21.mp4,10
test21.mp4,10
test21.mp4,10
test21.mp4,10
test21.mp4,10
test21.mp4,10
test21.mp4,10
test21.mp4,10
test21.mp4,10
test21.mp4,10
test21.mp4,10
test21.mp4,10
test21.mp4,10
test21.mp4,10
test21.mp4,10
test21.mp4,10
test21.mp4,10
test21.mp4,10
test21.mp4,0
test21.mp4,0
test21.mp4,0
test21.mp4,0
test21.mp4,0
test21.mp4,0
test21.mp4,0
test21.mp4,0
test21.mp4,4
test21.mp4,4
test21.mp4,4
test21.mp4,4
test21.mp4,4
test21.mp4,4
test21.mp4,0
test21.mp4,0
test21.mp4,0
test21.mp4,0
test21.mp4,0
test21.mp4,0
test21.mp4,0
test21.mp4,0
test21.mp4,0
test21.mp4,0
test21.mp4,0
test21.mp4,0
test21.mp4,0
test21.mp4,0
test21.mp4,0
test21.mp4,0
test21.mp4,0
test21.mp4,11
test21.mp4,11
test21.mp4,11
test21.mp4,11
test21.mp4,11
test21.mp4,11
test21.mp4,11
test21.mp4,11
test21.mp4,11
test21.mp4,11
test21.mp4,11
test21.mp4,11
test21.mp4,11
test21.mp4,11
test21.mp4,11
test21.mp4,11
test21.mp4,11
test21.mp4,11
test21.mp4,11
test21.mp4,11
test21.mp4,11
test21.mp4,11
test21.mp4,11
test21.mp4,11
test21.mp4,11
test21.mp4,11
test21.mp4,11
test21.mp4,11
test21.mp4,11
test21.mp4,11
test21.mp4,0
test21.mp4,0
test21.mp4,0
test21.mp4,0
test21.mp4,0
test21.mp4,0
test21.mp4,0
test21.mp4,13
test21.mp4,13
test21.mp4,13
test21.mp4,13
test21.mp4,13
test21.mp4,13
test21.mp4,13
test21.mp4,13
test21.mp4,13
test21.mp4,13
test21.mp4,13
test21.mp4,13
test21.mp4,13
test21.mp4,0
test21.mp4,0
test21.mp4,0
test21.mp4,0
test21.mp4,0
test21.mp4,14
test21.mp4,14
test21.mp4,14
test21.mp4,14
test21.mp4,14
test21.mp4,14
test21.mp4,14
test21.mp4,14
test21.mp4,14
test21.mp4,0
test21.mp4,15
test21.mp4,15
test21.mp4,15
test21.mp4,15
test21.mp4,15
test21.mp4,15
test21.mp4,15
test21.mp4,15
test21.mp4,15
test21.mp4,15
test21.mp4,15
test21.mp4,15
test21.mp4,15
test21.mp4,15
test21.mp4,15
test21.mp4,15
test21.mp4,15
test21.mp4,15
test21.mp4,15
test21.mp4,15
test21.mp4,15
test21.mp4,15
test21.mp4,15
test21.mp4,15
test21.mp4,15
test21.mp4,15
test21.mp4,15
test21.mp4,15
test21.mp4,15
test21.mp4,15
test21.mp4,15
test21.mp4,15
test21.mp4,15
test21.mp4,0
test21.mp4,0
test21.mp4,0
test21.mp4,0
test21.mp4,0
test21.mp4,0
test21.mp4,18
test21.mp4,18
test21.mp4,18
test21.mp4,18
test21.mp4,18
test21.mp4,18
test21.mp4,18
test21.mp4,18
test21.mp4,18
test21.mp4,18
test21.mp4,18
test21.mp4,18
test21.mp4,18
test21.mp4,18
test21.mp4,18
test21.mp4,18
test21.mp4,18
test21.mp4,18
test21.mp4,18
test21.mp4,18
test21.mp4,18
test21.mp4,18
test21.mp4,18
test21.mp4,18
test21.mp4,18
test21.mp4,18
test21.mp4,18
test21.mp4,18
test21.mp4,18
test21.mp4,18
test21.mp4,18
test21.mp4,18
test21.mp4,18
test21.mp4,18
test21.mp4,18
test21.mp4,18
test21.mp4,18
test21.mp4,18
test21.mp4,18
test21.mp4,18
test21.mp4,18
test21.mp4,18
test21.mp4,18
test21.mp4,18
test21.mp4,18
test21.mp4,18
test21.mp4,18
test21.mp4,18
test21.mp4,18
test21.mp4,18
test21.mp4,18
test21.mp4,18
test21.mp4,18
test21.mp4,18
test21.mp4,18
test21.mp4,18
test21.mp4,0
test21.mp4,0
test21.mp4,0
test21.mp4,0
test22.mp4,0
test22.mp4,0
test22.mp4,0
test22.mp4,0
test22.mp4,3
test22.mp4,3
test22.mp4,3
test22.mp4,3
test22.mp4,3
test22.mp4,3
test22.mp4,3
test22.mp4,3
test22.mp4,3
test22.mp4,3
test22.mp4,3
test22.mp4,3
test22.mp4,3
test22.mp4,3
test22.mp4,3
test22.mp4,3
test22.mp4,3
test22.mp4,3
test22.mp4,3
test22.mp4,3
test22.mp4,3
test22.mp4,3
test22.mp4,3
test22.mp4,3
test22.mp4,3
test22.mp4,3
test22.mp4,3
test22.mp4,3
test22.mp4,3
test22.mp4,3
test22.mp4,3
test22.mp4,3
test22.mp4,3
test22.mp4,3
test22.mp4,3
test22.mp4,3
test22.mp4,0
test22.mp4,0
test22.mp4,4
test22.mp4,4
test22.mp4,4
test22.mp4,4
test22.mp4,4
test22.mp4,0
test22.mp4,5
test22.mp4,5
test22.mp4,5
test22.mp4,5
test22.mp4,5
test22.mp4,5
test22.mp4,5
test22.mp4,5
test22.mp4,5
test22.mp4,5
test22.mp4,5
test22.mp4,5
test22.mp4,5
test22.mp4,5
test22.mp4,5
test22.mp4,5
test22.mp4,5
test22.mp4,5
test22.mp4,5
test22.mp4,5
test22.mp4,5
test22.mp4,5
test22.mp4,5
test22.mp4,5
test22.mp4,5
test22.mp4,5
test22.mp4,5
test22.mp4,5
test22.mp4,5
test22.mp4,5
test22.mp4,5
test22.mp4,5
test22.mp4,0
test22.mp4,0
test22.mp4,0
test22.mp4,0
test22.mp4,0
test22.mp4,0
test22.mp4,6
test22.mp4,6
test22.mp4,6
test22.mp4,6
test22.mp4,6
test22.mp4,6
test22.mp4,6
test22.mp4,6
test22.mp4,6
test22.mp4,6
test22.mp4,6
test22.mp4,6
test22.mp4,6
test22.mp4,6
test22.mp4,0
test22.mp4,0
test22.mp4,0
test22.mp4,0
test22.mp4,0
test22.mp4,7
test22.mp4,7
test22.mp4,7
test22.mp4,7
test22.mp4,7
test22.mp4,7
test22.mp4,7
test22.mp4,7
test22.mp4,7
test22.mp4,7
test22.mp4,7
test22.mp4,7
test22.mp4,7
test22.mp4,7
test22.mp4,7
test22.mp4,7
test22.mp4,7
test22.mp4,7
test22.mp4,7
test22.mp4,7
test22.mp4,7
test22.mp4,7
test22.mp4,7
test22.mp4,7
test22.mp4,8
test22.mp4,8
test22.mp4,8
test22.mp4,8
test22.mp4,8
test22.mp4,8
test22.mp4,8
test22.mp4,8
test22.mp4,8
test22.mp4,8
test22.mp4,8
test22.mp4,8
test22.mp4,8
test22.mp4,8
test22.mp4,8
test22.mp4,8
test22.mp4,8
test22.mp4,8
test22.mp4,8
test22.mp4,8
test22.mp4,8
test22.mp4,8
test22.mp4,8
test22.mp4,8
test22.mp4,8
test22.mp4,0
test22.mp4,0
test22.mp4,0
test22.mp4,0
test22.mp4,0
test22.mp4,0
test22.mp4,0
test22.mp4,0
test22.mp4,0
test22.mp4,0
test22.mp4,0
test22.mp4,0
test22.mp4,0
test22.mp4,0
test22.mp4,0
test22.mp4,0
test22.mp4,0
test22.mp4,10
test22.mp4,10
test22.mp4,10
test22.mp4,10
test22.mp4,10
test22.mp4,10
test22.mp4,10
test22.mp4,10
test22.mp4,10
test22.mp4,10
test22.mp4,10
test22.mp4,10
test22.mp4,10
test22.mp4,10
test22.mp4,10
test22.mp4,10
test22.mp4,10
test22.mp4,10
test22.mp4,10
test22.mp4,10
test22.mp4,10
test22.mp4,10
test22.mp4,10
test22.mp4,10
test22.mp4,10
test22.mp4,10
test22.mp4,10
test22.mp4,10
test22.mp4,10
test22.mp4,10
test22.mp4,10
test22.mp4,10
test22.mp4,10
test22.mp4,10
test22.mp4,10
test22.mp4,10
test22.mp4,10
test22.mp4,10
test22.mp4,10
test22.mp4,10
test22.mp4,10
test22.mp4,10
test22.mp4,10
test22.mp4,10
test22.mp4,10
test22.mp4,10
test22.mp4,10
test22.mp4,10
test22.mp4,0
test22.mp4,0
test22.mp4,0
test22.mp4,4
test22.mp4,4
test22.mp4,4
test22.mp4,4
test22.mp4,4
test22.mp4,4
test22.mp4,0
test22.mp4,0
test22.mp4,0
test22.mp4,0
test22.mp4,0
test22.mp4,0
test22.mp4,0
test22.mp4,0
test22.mp4,0
test22.mp4,0
test22.mp4,0
test22.mp4,0
test22.mp4,0
test22.mp4,0
test22.mp4,0
test22.mp4,0
test22.mp4,0
test22.mp4,0
test22.mp4,0
test22.mp4,0
test22.mp4,0
test22.mp4,0
test22.mp4,0
test22.mp4,0
test22.mp4,0
test22.mp4,0
test22.mp4,0
test22.mp4,0
test22.mp4,0
test22.mp4,0
test22.mp4,0
test22.mp4,0
test22.mp4,0
test22.mp4,0
test22.mp4,0
test22.mp4,0
test22.mp4,0
test22.mp4,0
test22.mp4,0
test22.mp4,0
test22.mp4,0
test22.mp4,0
test22.mp4,0
test22.mp4,0
test22.mp4,0
test22.mp4,0
test22.mp4,0
test22.mp4,0
test22.mp4,0
test22.mp4,0
test22.mp4,0
test22.mp4,0
test22.mp4,13
test22.mp4,13
test22.mp4,13
test22.mp4,13
test22.mp4,13
test22.mp4,13
test22.mp4,13
test22.mp4,13
test22.mp4,13
test22.mp4,13
test22.mp4,13
test22.mp4,0
test22.mp4,14
test22.mp4,14
test22.mp4,14
test22.mp4,14
test22.mp4,14
test22.mp4,14
test22.mp4,14
test22.mp4,14
test22.mp4,14
test22.mp4,0
test22.mp4,15
test22.mp4,15
test22.mp4,15
test22.mp4,15
test22.mp4,15
test22.mp4,15
test22.mp4,15
test22.mp4,15
test22.mp4,15
test22.mp4,15
test22.mp4,15
test22.mp4,15
test22.mp4,15
test22.mp4,15
test22.mp4,15
test22.mp4,15
test22.mp4,15
test22.mp4,15
test22.mp4,15
test22.mp4,15
test22.mp4,15
test22.mp4,15
test22.mp4,15
test22.mp4,15
test22.mp4,15
test22.mp4,15
test22.mp4,15
test22.mp4,15
test22.mp4,15
test22.mp4,15
test22.mp4,15
test22.mp4,15
test22.mp4,15
test22.mp4,15
test22.mp4,15
test22.mp4,15
test22.mp4,15
test22.mp4,15
test22.mp4,15
test22.mp4,15
test22.mp4,15
test22.mp4,15
test22.mp4,15
test22.mp4,15
test22.mp4,15
test22.mp4,15
test22.mp4,15
test22.mp4,15
test22.mp4,0
test22.mp4,0
test22.mp4,0
test22.mp4,0
test22.mp4,0
test22.mp4,0
test22.mp4,18
test22.mp4,18
test22.mp4,18
test22.mp4,18
test22.mp4,18
test22.mp4,18
test22.mp4,18
test22.mp4,18
test22.mp4,18
test22.mp4,18
test22.mp4,18
test22.mp4,18
test22.mp4,18
test22.mp4,18
test22.mp4,18
test22.mp4,18
test22.mp4,18
test22.mp4,18
test22.mp4,18
test22.mp4,18
test22.mp4,18
test22.mp4,18
test22.mp4,18
test22.mp4,18
test22.mp4,18
test22.mp4,18
test22.mp4,18
test22.mp4,18
test22.mp4,18
test22.mp4,18
test22.mp4,18
test22.mp4,18
test22.mp4,18
test22.mp4,18
test22.mp4,18
test22.mp4,18
test22.mp4,18
test22.mp4,18
test22.mp4,18
test22.mp4,18
test22.mp4,18
test22.mp4,18
test22.mp4,18
test22.mp4,18
test22.mp4,18
test22.mp4,0
test22.mp4,0
test22.mp4,0
test22.mp4,0
test22.mp4,0
test22.mp4,0
test22.mp4,0
test22.mp4,0
test22.mp4,0
test22.mp4,0
test22.mp4,0
test22.mp4,0
test22.mp4,0
test22.mp4,0
test22.mp4,0
test22.mp4,0
test22.mp4,0
test22.mp4,0
test22.mp4,0
test22.mp4,0
test22.mp4,0
test22.mp4,0
test22.mp4,0
test22.mp4,0
test22.mp4,0
test22.mp4,0
test22.mp4,0
test22.mp4,0
test22.mp4,0
test22.mp4,0
test22.mp4,0
test22.mp4,0
test22.mp4,0
test22.mp4,0
test22.mp4,0
test22.mp4,0
test22.mp4,0
test22.mp4,0
test22.mp4,16
test22.mp4,16
test22.mp4,16
test22.mp4,16
test22.mp4,16
test22.mp4,16
test22.mp4,16
test22.mp4,16
test22.mp4,16
test22.mp4,16
test22.mp4,16
test22.mp4,16
test22.mp4,16
test22.mp4,16
test22.mp4,16
test22.mp4,16
test22.mp4,16
test22.mp4,16
test22.mp4,16
test22.mp4,16
test22.mp4,16
test22.mp4,16
test22.mp4,16
test22.mp4,16
test22.mp4,16
test22.mp4,16
test22.mp4,16
test22.mp4,16
test22.mp4,16
test22.mp4,16
test22.mp4,16
test22.mp4,16
test22.mp4,16
test22.mp4,16
test22.mp4,16
test22.mp4,16
test22.mp4,16
test22.mp4,16
test22.mp4,16
test22.mp4,0
test22.mp4,0
test22.mp4,0
test22.mp4,18
test22.mp4,18
test22.mp4,18
test22.mp4,18
test22.mp4,18
test22.mp4,18
test22.mp4,18
test22.mp4,0
test22.mp4,0
test22.mp4,0
test22.mp4,0
test22.mp4,0
test22.mp4,0
test23.mp4,0
test23.mp4,0
test23.mp4,0
test23.mp4,0
test23.mp4,0
test23.mp4,0
test23.mp4,0
test23.mp4,0
test23.mp4,0
test23.mp4,3
test23.mp4,3
test23.mp4,3
test23.mp4,3
test23.mp4,3
test23.mp4,3
test23.mp4,3
test23.mp4,3
test23.mp4,3
test23.mp4,3
test23.mp4,3
test23.mp4,3
test23.mp4,3
test23.mp4,3
test23.mp4,3
test23.mp4,3
test23.mp4,3
test23.mp4,3
test23.mp4,3
test23.mp4,3
test23.mp4,3
test23.mp4,3
test23.mp4,3
test23.mp4,3
test23.mp4,3
test23.mp4,3
test23.mp4,0
test23.mp4,4
test23.mp4,4
test23.mp4,4
test23.mp4,4
test23.mp4,4
test23.mp4,4
test23.mp4,0
test23.mp4,0
test23.mp4,5
test23.mp4,5
test23.mp4,5
test23.mp4,5
test23.mp4,5
test23.mp4,5
test23.mp4,5
test23.mp4,5
test23.mp4,5
test23.mp4,5
test23.mp4,5
test23.mp4,5
test23.mp4,5
test23.mp4,5
test23.mp4,5
test23.mp4,5
test23.mp4,5
test23.mp4,5
test23.mp4,5
test23.mp4,5
test23.mp4,5
test23.mp4,5
test23.mp4,5
test23.mp4,5
test23.mp4,5
test23.mp4,5
test23.mp4,5
test23.mp4,5
test23.mp4,5
test23.mp4,5
test23.mp4,5
test23.mp4,5
test23.mp4,5
test23.mp4,5
test23.mp4,5
test23.mp4,5
test23.mp4,5
test23.mp4,5
test23.mp4,5
test23.mp4,5
test23.mp4,5
test23.mp4,5
test23.mp4,5
test23.mp4,5
test23.mp4,5
test23.mp4,5
test23.mp4,5
test23.mp4,5
test23.mp4,5
test23.mp4,5
test23.mp4,5
test23.mp4,5
test23.mp4,5
test23.mp4,5
test23.mp4,5
test23.mp4,5
test23.mp4,5
test23.mp4,5
test23.mp4,5
test23.mp4,5
test23.mp4,5
test23.mp4,5
test23.mp4,5
test23.mp4,5
test23.mp4,5
test23.mp4,5
test23.mp4,5
test23.mp4,5
test23.mp4,5
test23.mp4,5
test23.mp4,5
test23.mp4,5
test23.mp4,5
test23.mp4,5
test23.mp4,5
test23.mp4,5
test23.mp4,5
test23.mp4,5
test23.mp4,5
test23.mp4,5
test23.mp4,5
test23.mp4,5
test23.mp4,5
test23.mp4,5
test23.mp4,5
test23.mp4,5
test23.mp4,5
test23.mp4,5
test23.mp4,5
test23.mp4,5
test23.mp4,5
test23.mp4,5
test23.mp4,5
test23.mp4,5
test23.mp4,5
test23.mp4,5
test23.mp4,5
test23.mp4,5
test23.mp4,5
test23.mp4,5
test23.mp4,5
test23.mp4,5
test23.mp4,5
test23.mp4,5
test23.mp4,5
test23.mp4,5
test23.mp4,0
test23.mp4,4
test23.mp4,4
test23.mp4,4
test23.mp4,4
test23.mp4,4
test23.mp4,4
test23.mp4,4
test23.mp4,4
test23.mp4,4
test23.mp4,0
test23.mp4,0
test23.mp4,0
test23.mp4,0
test23.mp4,0
test23.mp4,0
test23.mp4,7
test23.mp4,7
test23.mp4,7
test23.mp4,7
test23.mp4,7
test23.mp4,7
test23.mp4,7
test23.mp4,7
test23.mp4,7
test23.mp4,7
test23.mp4,7
test23.mp4,7
test23.mp4,7
test23.mp4,7
test23.mp4,7
test23.mp4,7
test23.mp4,7
test23.mp4,7
test23.mp4,7
test23.mp4,7
test23.mp4,7
test23.mp4,7
test23.mp4,7
test23.mp4,7
test23.mp4,7
test23.mp4,7
test23.mp4,7
test23.mp4,7
test23.mp4,7
test23.mp4,7
test23.mp4,7
test23.mp4,7
test23.mp4,7
test23.mp4,7
test23.mp4,7
test23.mp4,7
test23.mp4,7
test23.mp4,7
test23.mp4,7
test23.mp4,7
test23.mp4,7
test23.mp4,7
test23.mp4,7
test23.mp4,7
test23.mp4,7
test23.mp4,7
test23.mp4,7
test23.mp4,7
test23.mp4,7
test23.mp4,7
test23.mp4,7
test23.mp4,7
test23.mp4,7
test23.mp4,7
test23.mp4,8
test23.mp4,8
test23.mp4,8
test23.mp4,8
test23.mp4,8
test23.mp4,8
test23.mp4,8
test23.mp4,8
test23.mp4,8
test23.mp4,8
test23.mp4,8
test23.mp4,8
test23.mp4,8
test23.mp4,8
test23.mp4,8
test23.mp4,8
test23.mp4,8
test23.mp4,8
test23.mp4,8
test23.mp4,8
test23.mp4,8
test23.mp4,8
test23.mp4,8
test23.mp4,8
test23.mp4,8
test23.mp4,8
test23.mp4,8
test23.mp4,8
test23.mp4,8
test23.mp4,8
test23.mp4,8
test23.mp4,8
test23.mp4,8
test23.mp4,8
test23.mp4,8
test23.mp4,8
test23.mp4,8
test23.mp4,8
test23.mp4,8
test23.mp4,8
test23.mp4,8
test23.mp4,8
test23.mp4,0
test23.mp4,0
test23.mp4,0
test23.mp4,0
test23.mp4,0
test23.mp4,0
test23.mp4,0
test23.mp4,0
test23.mp4,0
test23.mp4,0
test23.mp4,0
test23.mp4,10
test23.mp4,10
test23.mp4,10
test23.mp4,10
test23.mp4,10
test23.mp4,10
test23.mp4,10
test23.mp4,10
test23.mp4,10
test23.mp4,10
test23.mp4,10
test23.mp4,10
test23.mp4,10
test23.mp4,10
test23.mp4,10
test23.mp4,10
test23.mp4,10
test23.mp4,10
test23.mp4,10
test23.mp4,10
test23.mp4,10
test23.mp4,10
test23.mp4,10
test23.mp4,10
test23.mp4,10
test23.mp4,10
test23.mp4,10
test23.mp4,10
test23.mp4,10
test23.mp4,10
test23.mp4,10
test23.mp4,10
test23.mp4,10
test23.mp4,10
test23.mp4,10
test23.mp4,10
test23.mp4,10
test23.mp4,10
test23.mp4,10
test23.mp4,10
test23.mp4,10
test23.mp4,10
test23.mp4,10
test23.mp4,10
test23.mp4,10
test23.mp4,10
test23.mp4,10
test23.mp4,10
test23.mp4,10
test23.mp4,10
test23.mp4,10
test23.mp4,10
test23.mp4,10
test23.mp4,10
test23.mp4,10
test23.mp4,10
test23.mp4,10
test23.mp4,10
test23.mp4,0
test23.mp4,0
test23.mp4,0
test23.mp4,0
test23.mp4,0
test23.mp4,0
test23.mp4,0
test23.mp4,0
test23.mp4,0
test23.mp4,0
test23.mp4,0
test23.mp4,0
test23.mp4,0
test23.mp4,0
test23.mp4,0
test23.mp4,0
test23.mp4,0
test23.mp4,0
test23.mp4,0
test23.mp4,0
test23.mp4,0
test23.mp4,0
test23.mp4,0
test23.mp4,0
test23.mp4,4
test23.mp4,4
test23.mp4,4
test23.mp4,4
test23.mp4,4
test23.mp4,4
test23.mp4,4
test23.mp4,4
test23.mp4,4
test23.mp4,4
test23.mp4,4
test23.mp4,4
test23.mp4,0
test23.mp4,0
test23.mp4,0
test23.mp4,0
test23.mp4,0
test23.mp4,0
test23.mp4,0
test23.mp4,0
test23.mp4,0
test23.mp4,13
test23.mp4,13
test23.mp4,13
test23.mp4,13
test23.mp4,13
test23.mp4,13
test23.mp4,13
test23.mp4,13
test23.mp4,13
test23.mp4,13
test23.mp4,0
test23.mp4,0
test23.mp4,14
test23.mp4,14
test23.mp4,14
test23.mp4,14
test23.mp4,14
test23.mp4,14
test23.mp4,14
test23.mp4,14
test23.mp4,14
test23.mp4,14
test23.mp4,14
test23.mp4,14
test23.mp4,14
test23.mp4,0
test23.mp4,0
test23.mp4,15
test23.mp4,15
test23.mp4,15
test23.mp4,15
test23.mp4,15
test23.mp4,15
test23.mp4,15
test23.mp4,15
test23.mp4,15
test23.mp4,15
test23.mp4,15
test23.mp4,15
test23.mp4,15
test23.mp4,15
test23.mp4,15
test23.mp4,15
test23.mp4,15
test23.mp4,15
test23.mp4,15
test23.mp4,15
test23.mp4,15
test23.mp4,15
test23.mp4,15
test23.mp4,15
test23.mp4,15
test23.mp4,15
test23.mp4,15
test23.mp4,15
test23.mp4,15
test23.mp4,15
test23.mp4,15
test23.mp4,15
test23.mp4,15
test23.mp4,15
test23.mp4,15
test23.mp4,15
test23.mp4,15
test23.mp4,15
test23.mp4,15
test23.mp4,15
test23.mp4,15
test23.mp4,15
test23.mp4,15
test23.mp4,15
test23.mp4,15
test23.mp4,15
test23.mp4,15
test23.mp4,15
test23.mp4,15
test23.mp4,15
test23.mp4,0
test23.mp4,0
test23.mp4,0
test23.mp4,0
test23.mp4,0
test23.mp4,0
test23.mp4,0
test23.mp4,0
test23.mp4,0
test23.mp4,0
test23.mp4,0
test23.mp4,0
test23.mp4,0
test23.mp4,0
test23.mp4,0
test23.mp4,0
test23.mp4,0
test23.mp4,0
test23.mp4,0
test23.mp4,0
test23.mp4,0
test23.mp4,18
test23.mp4,18
test23.mp4,18
test23.mp4,18
test23.mp4,18
test23.mp4,18
test23.mp4,18
test23.mp4,18
test23.mp4,18
test23.mp4,18
test23.mp4,18
test23.mp4,18
test23.mp4,18
test23.mp4,18
test23.mp4,18
test23.mp4,18
test23.mp4,18
test23.mp4,18
test23.mp4,18
test23.mp4,18
test23.mp4,18
test23.mp4,18
test23.mp4,18
test23.mp4,18
test23.mp4,18
test23.mp4,18
test23.mp4,18
test23.mp4,18
test23.mp4,18
test23.mp4,18
test23.mp4,18
test23.mp4,18
test23.mp4,18
test23.mp4,18
test23.mp4,18
test23.mp4,18
test23.mp4,18
test23.mp4,18
test23.mp4,18
test23.mp4,18
test23.mp4,18
test23.mp4,18
test23.mp4,18
test23.mp4,18
test23.mp4,0
test23.mp4,0
test23.mp4,0
test23.mp4,0
test24.mp4,0
test24.mp4,3
test24.mp4,3
test24.mp4,3
test24.mp4,3
test24.mp4,3
test24.mp4,3
test24.mp4,3
test24.mp4,3
test24.mp4,3
test24.mp4,3
test24.mp4,3
test24.mp4,3
test24.mp4,3
test24.mp4,3
test24.mp4,3
test24.mp4,3
test24.mp4,3
test24.mp4,0
test24.mp4,0
test24.mp4,0
test24.mp4,4
test24.mp4,4
test24.mp4,4
test24.mp4,4
test24.mp4,0
test24.mp4,0
test24.mp4,5
test24.mp4,5
test24.mp4,5
test24.mp4,5
test24.mp4,5
test24.mp4,5
test24.mp4,5
test24.mp4,5
test24.mp4,5
test24.mp4,5
test24.mp4,5
test24.mp4,5
test24.mp4,5
test24.mp4,5
test24.mp4,5
test24.mp4,5
test24.mp4,5
test24.mp4,5
test24.mp4,5
test24.mp4,5
test24.mp4,5
test24.mp4,5
test24.mp4,5
test24.mp4,5
test24.mp4,5
test24.mp4,5
test24.mp4,5
test24.mp4,5
test24.mp4,0
test24.mp4,0
test24.mp4,0
test24.mp4,6
test24.mp4,6
test24.mp4,6
test24.mp4,6
test24.mp4,6
test24.mp4,6
test24.mp4,6
test24.mp4,6
test24.mp4,6
test24.mp4,6
test24.mp4,6
test24.mp4,6
test24.mp4,6
test24.mp4,6
test24.mp4,6
test24.mp4,6
test24.mp4,6
test24.mp4,6
test24.mp4,6
test24.mp4,0
test24.mp4,0
test24.mp4,0
test24.mp4,0
test24.mp4,0
test24.mp4,0
test24.mp4,0
test24.mp4,7
test24.mp4,7
test24.mp4,7
test24.mp4,7
test24.mp4,7
test24.mp4,7
test24.mp4,7
test24.mp4,7
test24.mp4,7
test24.mp4,7
test24.mp4,7
test24.mp4,7
test24.mp4,7
test24.mp4,7
test24.mp4,7
test24.mp4,7
test24.mp4,7
test24.mp4,7
test24.mp4,7
test24.mp4,7
test24.mp4,7
test24.mp4,7
test24.mp4,7
test24.mp4,7
test24.mp4,7
test24.mp4,7
test24.mp4,8
test24.mp4,8
test24.mp4,8
test24.mp4,8
test24.mp4,8
test24.mp4,8
test24.mp4,8
test24.mp4,8
test24.mp4,8
test24.mp4,8
test24.mp4,8
test24.mp4,8
test24.mp4,8
test24.mp4,8
test24.mp4,8
test24.mp4,8
test24.mp4,8
test24.mp4,8
test24.mp4,8
test24.mp4,8
test24.mp4,8
test24.mp4,8
test24.mp4,8
test24.mp4,8
test24.mp4,8
test24.mp4,8
test24.mp4,8
test24.mp4,8
test24.mp4,8
test24.mp4,8
test24.mp4,8
test24.mp4,8
test24.mp4,8
test24.mp4,8
test24.mp4,8
test24.mp4,8
test24.mp4,8
test24.mp4,8
test24.mp4,8
test24.mp4,8
test24.mp4,8
test24.mp4,8
test24.mp4,8
test24.mp4,8
test24.mp4,8
test24.mp4,8
test24.mp4,8
test24.mp4,0
test24.mp4,0
test24.mp4,0
test24.mp4,0
test24.mp4,0
test24.mp4,0
test24.mp4,0
test24.mp4,0
test24.mp4,0
test24.mp4,0
test24.mp4,0
test24.mp4,10
test24.mp4,10
test24.mp4,10
test24.mp4,10
test24.mp4,10
test24.mp4,10
test24.mp4,10
test24.mp4,10
test24.mp4,10
test24.mp4,10
test24.mp4,10
test24.mp4,10
test24.mp4,10
test24.mp4,10
test24.mp4,10
test24.mp4,10
test24.mp4,10
test24.mp4,10
test24.mp4,10
test24.mp4,10
test24.mp4,10
test24.mp4,10
test24.mp4,10
test24.mp4,10
test24.mp4,10
test24.mp4,10
test24.mp4,10
test24.mp4,10
test24.mp4,10
test24.mp4,10
test24.mp4,10
test24.mp4,10
test24.mp4,10
test24.mp4,10
test24.mp4,10
test24.mp4,10
test24.mp4,10
test24.mp4,10
test24.mp4,10
test24.mp4,10
test24.mp4,10
test24.mp4,10
test24.mp4,10
test24.mp4,10
test24.mp4,10
test24.mp4,10
test24.mp4,10
test24.mp4,10
test24.mp4,10
test24.mp4,10
test24.mp4,10
test24.mp4,10
test24.mp4,10
test24.mp4,10
test24.mp4,10
test24.mp4,10
test24.mp4,10
test24.mp4,10
test24.mp4,10
test24.mp4,10
test24.mp4,10
test24.mp4,10
test24.mp4,10
test24.mp4,10
test24.mp4,10
test24.mp4,10
test24.mp4,10
test24.mp4,10
test24.mp4,10
test24.mp4,10
test24.mp4,10
test24.mp4,10
test24.mp4,10
test24.mp4,10
test24.mp4,10
test24.mp4,10
test24.mp4,10
test24.mp4,10
test24.mp4,10
test24.mp4,10
test24.mp4,10
test24.mp4,10
test24.mp4,10
test24.mp4,10
test24.mp4,10
test24.mp4,10
test24.mp4,10
test24.mp4,10
test24.mp4,10
test24.mp4,10
test24.mp4,10
test24.mp4,10
test24.mp4,10
test24.mp4,10
test24.mp4,10
test24.mp4,10
test24.mp4,10
test24.mp4,10
test24.mp4,10
test24.mp4,10
test24.mp4,10
test24.mp4,10
test24.mp4,10
test24.mp4,10
test24.mp4,10
test24.mp4,10
test24.mp4,10
test24.mp4,10
test24.mp4,10
test24.mp4,10
test24.mp4,10
test24.mp4,10
test24.mp4,10
test24.mp4,10
test24.mp4,10
test24.mp4,10
test24.mp4,10
test24.mp4,10
test24.mp4,10
test24.mp4,10
test24.mp4,10
test24.mp4,10
test24.mp4,10
test24.mp4,10
test24.mp4,10
test24.mp4,10
test24.mp4,10
test24.mp4,10
test24.mp4,10
test24.mp4,10
test24.mp4,10
test24.mp4,10
test24.mp4,10
test24.mp4,10
test24.mp4,10
test24.mp4,10
test24.mp4,10
test24.mp4,10
test24.mp4,10
test24.mp4,10
test24.mp4,10
test24.mp4,10
test24.mp4,10
test24.mp4,10
test24.mp4,10
test24.mp4,10
test24.mp4,10
test24.mp4,10
test24.mp4,10
test24.mp4,10
test24.mp4,10
test24.mp4,10
test24.mp4,10
test24.mp4,10
test24.mp4,10
test24.mp4,10
test24.mp4,10
test24.mp4,10
test24.mp4,10
test24.mp4,10
test24.mp4,10
test24.mp4,10
test24.mp4,10
test24.mp4,10
test24.mp4,10
test24.mp4,10
test24.mp4,10
test24.mp4,10
test24.mp4,10
test24.mp4,10
test24.mp4,10
test24.mp4,10
test24.mp4,10
test24.mp4,10
test24.mp4,10
test24.mp4,10
test24.mp4,10
test24.mp4,10
test24.mp4,10
test24.mp4,10
test24.mp4,10
test24.mp4,10
test24.mp4,10
test24.mp4,10
test24.mp4,10
test24.mp4,10
test24.mp4,10
test24.mp4,10
test24.mp4,10
test24.mp4,10
test24.mp4,10
test24.mp4,10
test24.mp4,10
test24.mp4,10
test24.mp4,10
test24.mp4,0
test24.mp4,0
test24.mp4,0
test24.mp4,0
test24.mp4,0
test24.mp4,0
test24.mp4,4
test24.mp4,4
test24.mp4,4
test24.mp4,4
test24.mp4,4
test24.mp4,4
test24.mp4,0
test24.mp4,0
test24.mp4,0
test24.mp4,0
test24.mp4,0
test24.mp4,0
test24.mp4,0
test24.mp4,0
test24.mp4,0
test24.mp4,0
test24.mp4,0
test24.mp4,11
test24.mp4,11
test24.mp4,11
test24.mp4,11
test24.mp4,11
test24.mp4,11
test24.mp4,11
test24.mp4,11
test24.mp4,11
test24.mp4,11
test24.mp4,11
test24.mp4,11
test24.mp4,11
test24.mp4,11
test24.mp4,11
test24.mp4,11
test24.mp4,11
test24.mp4,11
test24.mp4,11
test24.mp4,11
test24.mp4,11
test24.mp4,0
test24.mp4,0
test24.mp4,0
test24.mp4,0
test24.mp4,0
test24.mp4,0
test24.mp4,0
test24.mp4,0
test24.mp4,0
test24.mp4,0
test24.mp4,13
test24.mp4,13
test24.mp4,13
test24.mp4,13
test24.mp4,13
test24.mp4,13
test24.mp4,13
test24.mp4,13
test24.mp4,13
test24.mp4,13
test24.mp4,13
test24.mp4,13
test24.mp4,0
test24.mp4,0
test24.mp4,14
test24.mp4,14
test24.mp4,14
test24.mp4,14
test24.mp4,14
test24.mp4,14
test24.mp4,0
test24.mp4,0
test24.mp4,0
test24.mp4,0
test24.mp4,0
test24.mp4,15
test24.mp4,15
test24.mp4,15
test24.mp4,15
test24.mp4,15
test24.mp4,15
test24.mp4,15
test24.mp4,15
test24.mp4,15
test24.mp4,15
test24.mp4,15
test24.mp4,15
test24.mp4,15
test24.mp4,15
test24.mp4,15
test24.mp4,15
test24.mp4,15
test24.mp4,15
test24.mp4,15
test24.mp4,15
test24.mp4,15
test24.mp4,15
test24.mp4,15
test24.mp4,15
test24.mp4,15
test24.mp4,15
test24.mp4,15
test24.mp4,15
test24.mp4,15
test24.mp4,15
test24.mp4,15
test24.mp4,15
test24.mp4,15
test24.mp4,15
test24.mp4,15
test24.mp4,15
test24.mp4,15
test24.mp4,0
test24.mp4,0
test24.mp4,0
test24.mp4,18
test24.mp4,18
test24.mp4,18
test24.mp4,18
test24.mp4,18
test24.mp4,18
test24.mp4,18
test24.mp4,18
test24.mp4,18
test24.mp4,18
test24.mp4,18
test24.mp4,18
test24.mp4,18
test24.mp4,18
test24.mp4,18
test24.mp4,18
test24.mp4,18
test24.mp4,18
test24.mp4,18
test24.mp4,18
test24.mp4,18
test24.mp4,18
test24.mp4,18
test24.mp4,18
test24.mp4,18
test24.mp4,18
test24.mp4,18
test24.mp4,0
test24.mp4,0
test24.mp4,0
test24.mp4,0
test24.mp4,0
test24.mp4,0
test24.mp4,0
test25.mp4,0
test25.mp4,0
test25.mp4,0
test25.mp4,0
test25.mp4,0
test25.mp4,0
test25.mp4,0
test25.mp4,0
test25.mp4,0
test25.mp4,0
test25.mp4,0
test25.mp4,3
test25.mp4,3
test25.mp4,3
test25.mp4,3
test25.mp4,3
test25.mp4,3
test25.mp4,3
test25.mp4,3
test25.mp4,3
test25.mp4,3
test25.mp4,3
test25.mp4,3
test25.mp4,3
test25.mp4,3
test25.mp4,0
test25.mp4,0
test25.mp4,0
test25.mp4,4
test25.mp4,4
test25.mp4,4
test25.mp4,4
test25.mp4,4
test25.mp4,4
test25.mp4,0
test25.mp4,0
test25.mp4,0
test25.mp4,0
test25.mp4,0
test25.mp4,0
test25.mp4,0
test25.mp4,0
test25.mp4,0
test25.mp4,0
test25.mp4,0
test25.mp4,5
test25.mp4,5
test25.mp4,5
test25.mp4,5
test25.mp4,5
test25.mp4,5
test25.mp4,5
test25.mp4,5
test25.mp4,5
test25.mp4,5
test25.mp4,5
test25.mp4,5
test25.mp4,5
test25.mp4,5
test25.mp4,5
test25.mp4,5
test25.mp4,5
test25.mp4,5
test25.mp4,5
test25.mp4,5
test25.mp4,5
test25.mp4,5
test25.mp4,5
test25.mp4,5
test25.mp4,5
test25.mp4,5
test25.mp4,5
test25.mp4,5
test25.mp4,5
test25.mp4,5
test25.mp4,5
test25.mp4,5
test25.mp4,0
test25.mp4,0
test25.mp4,0
test25.mp4,0
test25.mp4,0
test25.mp4,6
test25.mp4,6
test25.mp4,6
test25.mp4,6
test25.mp4,6
test25.mp4,6
test25.mp4,6
test25.mp4,6
test25.mp4,6
test25.mp4,6
test25.mp4,0
test25.mp4,0
test25.mp4,0
test25.mp4,0
test25.mp4,0
test25.mp4,0
test25.mp4,0
test25.mp4,0
test25.mp4,0
test25.mp4,0
test25.mp4,0
test25.mp4,0
test25.mp4,0
test25.mp4,0
test25.mp4,7
test25.mp4,7
test25.mp4,7
test25.mp4,7
test25.mp4,7
test25.mp4,7
test25.mp4,7
test25.mp4,7
test25.mp4,7
test25.mp4,7
test25.mp4,7
test25.mp4,7
test25.mp4,7
test25.mp4,7
test25.mp4,7
test25.mp4,7
test25.mp4,7
test25.mp4,7
test25.mp4,7
test25.mp4,7
test25.mp4,7
test25.mp4,7
test25.mp4,7
test25.mp4,7
test25.mp4,7
test25.mp4,7
test25.mp4,7
test25.mp4,7
test25.mp4,7
test25.mp4,7
test25.mp4,7
test25.mp4,7
test25.mp4,7
test25.mp4,7
test25.mp4,7
test25.mp4,7
test25.mp4,7
test25.mp4,7
test25.mp4,7
test25.mp4,7
test25.mp4,8
test25.mp4,8
test25.mp4,8
test25.mp4,8
test25.mp4,8
test25.mp4,8
test25.mp4,8
test25.mp4,8
test25.mp4,8
test25.mp4,8
test25.mp4,8
test25.mp4,8
test25.mp4,8
test25.mp4,8
test25.mp4,8
test25.mp4,8
test25.mp4,8
test25.mp4,8
test25.mp4,8
test25.mp4,8
test25.mp4,8
test25.mp4,8
test25.mp4,8
test25.mp4,8
test25.mp4,8
test25.mp4,8
test25.mp4,8
test25.mp4,8
test25.mp4,8
test25.mp4,8
test25.mp4,8
test25.mp4,8
test25.mp4,8
test25.mp4,8
test25.mp4,8
test25.mp4,8
test25.mp4,8
test25.mp4,8
test25.mp4,8
test25.mp4,8
test25.mp4,8
test25.mp4,8
test25.mp4,8
test25.mp4,8
test25.mp4,8
test25.mp4,8
test25.mp4,8
test25.mp4,8
test25.mp4,8
test25.mp4,8
test25.mp4,8
test25.mp4,8
test25.mp4,8
test25.mp4,8
test25.mp4,8
test25.mp4,8
test25.mp4,8
test25.mp4,8
test25.mp4,8
test25.mp4,8
test25.mp4,8
test25.mp4,8
test25.mp4,8
test25.mp4,8
test25.mp4,8
test25.mp4,8
test25.mp4,8
test25.mp4,8
test25.mp4,8
test25.mp4,8
test25.mp4,8
test25.mp4,8
test25.mp4,8
test25.mp4,8
test25.mp4,8
test25.mp4,8
test25.mp4,8
test25.mp4,8
test25.mp4,8
test25.mp4,8
test25.mp4,8
test25.mp4,8
test25.mp4,0
test25.mp4,0
test25.mp4,0
test25.mp4,0
test25.mp4,0
test25.mp4,0
test25.mp4,0
test25.mp4,0
test25.mp4,0
test25.mp4,0
test25.mp4,0
test25.mp4,0
test25.mp4,0
test25.mp4,0
test25.mp4,0
test25.mp4,0
test25.mp4,0
test25.mp4,0
test25.mp4,0
test25.mp4,0
test25.mp4,0
test25.mp4,0
test25.mp4,0
test25.mp4,0
test25.mp4,0
test25.mp4,0
test25.mp4,0
test25.mp4,0
test25.mp4,0
test25.mp4,10
test25.mp4,10
test25.mp4,10
test25.mp4,10
test25.mp4,10
test25.mp4,10
test25.mp4,10
test25.mp4,10
test25.mp4,10
test25.mp4,10
test25.mp4,10
test25.mp4,10
test25.mp4,10
test25.mp4,10
test25.mp4,10
test25.mp4,10
test25.mp4,10
test25.mp4,10
test25.mp4,10
test25.mp4,10
test25.mp4,10
test25.mp4,10
test25.mp4,10
test25.mp4,10
test25.mp4,10
test25.mp4,10
test25.mp4,10
test25.mp4,10
test25.mp4,10
test25.mp4,10
test25.mp4,10
test25.mp4,10
test25.mp4,10
test25.mp4,10
test25.mp4,10
test25.mp4,10
test25.mp4,10
test25.mp4,10
test25.mp4,10
test25.mp4,10
test25.mp4,10
test25.mp4,10
test25.mp4,10
test25.mp4,10
test25.mp4,10
test25.mp4,10
test25.mp4,10
test25.mp4,10
test25.mp4,10
test25.mp4,10
test25.mp4,10
test25.mp4,10
test25.mp4,10
test25.mp4,10
test25.mp4,10
test25.mp4,10
test25.mp4,10
test25.mp4,10
test25.mp4,10
test25.mp4,10
test25.mp4,10
test25.mp4,10
test25.mp4,10
test25.mp4,10
test25.mp4,10
test25.mp4,10
test25.mp4,10
test25.mp4,10
test25.mp4,10
test25.mp4,10
test25.mp4,10
test25.mp4,10
test25.mp4,10
test25.mp4,10
test25.mp4,10
test25.mp4,10
test25.mp4,10
test25.mp4,10
test25.mp4,10
test25.mp4,10
test25.mp4,10
test25.mp4,0
test25.mp4,0
test25.mp4,0
test25.mp4,0
test25.mp4,0
test25.mp4,0
test25.mp4,0
test25.mp4,4
test25.mp4,4
test25.mp4,4
test25.mp4,4
test25.mp4,4
test25.mp4,4
test25.mp4,0
test25.mp4,0
test25.mp4,0
test25.mp4,0
test25.mp4,0
test25.mp4,0
test25.mp4,0
test25.mp4,0
test25.mp4,0
test25.mp4,0
test25.mp4,0
test25.mp4,0
test25.mp4,0
test25.mp4,0
test25.mp4,0
test25.mp4,0
test25.mp4,0
test25.mp4,0
test25.mp4,0
test25.mp4,0
test25.mp4,0
test25.mp4,0
test25.mp4,0
test25.mp4,0
test25.mp4,11
test25.mp4,11
test25.mp4,11
test25.mp4,11
test25.mp4,11
test25.mp4,11
test25.mp4,11
test25.mp4,11
test25.mp4,11
test25.mp4,11
test25.mp4,11
test25.mp4,0
test25.mp4,0
test25.mp4,0
test25.mp4,0
test25.mp4,0
test25.mp4,0
test25.mp4,0
test25.mp4,0
test25.mp4,0
test25.mp4,0
test25.mp4,0
test25.mp4,13
test25.mp4,13
test25.mp4,13
test25.mp4,13
test25.mp4,13
test25.mp4,13
test25.mp4,13
test25.mp4,13
test25.mp4,13
test25.mp4,13
test25.mp4,13
test25.mp4,13
test25.mp4,13
test25.mp4,13
test25.mp4,0
test25.mp4,0
test25.mp4,0
test25.mp4,0
test25.mp4,14
test25.mp4,14
test25.mp4,14
test25.mp4,14
test25.mp4,14
test25.mp4,14
test25.mp4,14
test25.mp4,14
test25.mp4,0
test25.mp4,0
test25.mp4,0
test25.mp4,0
test25.mp4,15
test25.mp4,15
test25.mp4,15
test25.mp4,15
test25.mp4,15
test25.mp4,15
test25.mp4,15
test25.mp4,15
test25.mp4,15
test25.mp4,15
test25.mp4,15
test25.mp4,15
test25.mp4,15
test25.mp4,15
test25.mp4,15
test25.mp4,15
test25.mp4,15
test25.mp4,15
test25.mp4,15
test25.mp4,15
test25.mp4,15
test25.mp4,15
test25.mp4,15
test25.mp4,15
test25.mp4,15
test25.mp4,0
test25.mp4,0
test25.mp4,0
test25.mp4,0
test25.mp4,0
test25.mp4,0
test25.mp4,0
test25.mp4,0
test25.mp4,0
test25.mp4,0
test25.mp4,0
test25.mp4,0
test25.mp4,0
test25.mp4,0
test25.mp4,0
test25.mp4,0
test25.mp4,18
test25.mp4,18
test25.mp4,18
test25.mp4,18
test25.mp4,18
test25.mp4,18
test25.mp4,18
test25.mp4,18
test25.mp4,18
test25.mp4,18
test25.mp4,18
test25.mp4,18
test25.mp4,18
test25.mp4,18
test25.mp4,18
test25.mp4,18
test25.mp4,18
test25.mp4,18
test25.mp4,18
test25.mp4,18
test25.mp4,18
test25.mp4,18
test25.mp4,18
test25.mp4,18
test25.mp4,18
test25.mp4,18
test25.mp4,18
test25.mp4,18
test25.mp4,18
test25.mp4,18
test25.mp4,18
test25.mp4,18
test25.mp4,18
test25.mp4,18
test25.mp4,18
test25.mp4,18
test25.mp4,18
test25.mp4,18
test25.mp4,18
test25.mp4,18
test25.mp4,18
test25.mp4,18
test25.mp4,18
test25.mp4,18
test25.mp4,18
test25.mp4,18
test25.mp4,18
test25.mp4,18
test25.mp4,18
test25.mp4,18
test25.mp4,18
test25.mp4,0
test25.mp4,0
test25.mp4,0
test25.mp4,0
test25.mp4,0
test25.mp4,0
test25.mp4,0
test25.mp4,15
test25.mp4,15
test25.mp4,15
test25.mp4,15
test25.mp4,15
test25.mp4,15
test25.mp4,15
test25.mp4,15
test25.mp4,15
test25.mp4,15
test25.mp4,15
test25.mp4,15
test25.mp4,15
test25.mp4,15
test25.mp4,15
test25.mp4,15
test25.mp4,15
test25.mp4,15
test25.mp4,15
test25.mp4,15
test25.mp4,15
test25.mp4,15
test25.mp4,15
test25.mp4,15
test25.mp4,15
test25.mp4,0
test25.mp4,0
test25.mp4,0
test25.mp4,0
test25.mp4,0
test25.mp4,0
test25.mp4,0
test25.mp4,0
test25.mp4,0
test25.mp4,0
test25.mp4,0
test25.mp4,0
test25.mp4,0
test25.mp4,18
test25.mp4,18
test25.mp4,18
test25.mp4,18
test25.mp4,18
test25.mp4,18
test25.mp4,18
test25.mp4,18
test25.mp4,18
test25.mp4,18
test25.mp4,18
test25.mp4,18
test25.mp4,18
test25.mp4,18
test25.mp4,18
test25.mp4,18
test25.mp4,18
test25.mp4,18
test25.mp4,18
test25.mp4,18
test25.mp4,18
test25.mp4,18
test25.mp4,0
test25.mp4,0
test25.mp4,0
test25.mp4,0
test25.mp4,0
